1,일반음식점,회집,홍도횟집,"부산광역시 수영구 광안해변로 271-1, -1~3층 (민락동)",부산광역시 수영구 민락동 176 - 15 -1~3층,생선회,051-751-1500,35.1559458,129.1234722
2,일반음식점,중국식,향래원,"부산광역시 수영구 민락수변로 127-7, 1~4층 (민락동)",부산광역시 수영구 민락동 110 - 83,코스요리,051-751-0901,35.1554745,129.134001
3,일반음식점,한식,할매재첩국,"부산광역시 수영구 광남로120번길 8, 1층 (광안동)","부산광역시 수영구 광안동 198 - 1 8,9 (1층)",재첩국,051-751-7658,35.1518667,129.1163867
4,일반음식점,식육(숯불구이),푸른산장,"부산광역시 수영구 황령산로 29, 2층 (남천동)",부산광역시 수영구 남천동 45 - 9 2층,"유황청둥오리,흑돼지생삼겹살",051-625-0500,35.1483313,129.1078662
5,일반음식점,회집,포항물횟집,"부산광역시 수영구 광안해변로290번길 17, 1~3층 (민락동)",부산광역시 수영구 민락동 181 - 120 1~3층,"생선회, 물회",051-752-5732,35.1483313,129.1078662
6,일반음식점,식육(숯불구이),청송양곱창,"부산광역시 수영구 남천동로108번길 8, 1~2층 (남천동)",부산광역시 수영구 남천동 6 - 13,양곱창,051-627-5291,35.1457746,129.1120335
7,일반음식점,식육(숯불구이),진주양곱창,"부산광역시 수영구 무학로9번길 138, 1층 (광안동)",부산광역시 수영구 광안동 207 - 5 1층,양곱창,051-758-1460,35.1671416,129.1173584
8,일반음식점,회집,진미횟집,"부산광역시 수영구 광안해변로 207, 1~2층 (광안동)",부산광역시 수영구 광안동 196 - 2 로즈모텔,생선회,051-758-8700,35.1526635,129.1174699
9,일반음식점,한식,조방낙지,"부산광역시 수영구 광일로29번길 68, 1층 (광안동)",부산광역시 수영구 광안동 536 - 140,낙지볶음,051-915-7865,35.1593912,129.110433
10,일반음식점,탕류(보신용),조마루감자탕,"부산광역시 수영구 수영로 723, 1층 8,9호 (수영동)","부산광역시 수영구 수영동 444 - 8 ,9(1층)",감자탕,051-751-3651,35.1685814,129.1183034
11,일반음식점,한식,장수장꼬리곰탕,"부산광역시 수영구 무학로9번길 83, 1층 (광안동)",부산광역시 수영구 광안동 89 - 9 1층,꼬리곰탕,051-751-7096,35.1655435,129.1154869
12,일반음식점,한식,원조산곰장어집,"부산광역시 수영구 수영로725번길 32, 1층 (수영동)",부산광역시 수영구 수영동 304 - 5 1층,곰장어구이,051-752-2596,35.168849,129.1170832
13,일반음식점,중국식,용궁반점,"부산광역시 수영구 무학로22번길 4, 1층 (광안동)",부산광역시 수영구 광안동 120 - 124 1층,자장면,051-751-2267,35.1615324,129.1160732
14,일반음식점,회집,신라횟집,"부산광역시 수영구 광안해변로 273-1, 1~3층 (민락동)",부산광역시 수영구 민락동 176 - 24 1~3층,생선회,051-753-2800,35.1559693,129.1235626
15,일반음식점,회집,수정궁,"부산광역시 수영구 민락수변로 25, 1~5층 (민락동, 수정궁빌딩)","부산광역시 수영구 민락동 181 - 166 수정궁빌딩, 1~5층",생선회,051-753-2811,35.1536463,129.1245381
16,일반음식점,한식,서울부대찌게,"부산광역시 수영구 남천동로9번길 66, 1층 (남천동)",부산광역시 수영구 남천동 9 - 8 (1층),"부대찌게, 전골",051-621-8080,35.1452858,129.1116768
17,일반음식점,한식,서울깍두기,"부산광역시 수영구 남천동로9번길 61, 1층 (남천동)",부산광역시 수영구 남천동 8 - 4 1층,설렁탕,051-621-3989,35.1452916,129.1113356
18,일반음식점,탕류(보신용),서울깍두기,"부산광역시 수영구 광남로142번길 9, 1~2층 (광안동)",부산광역시 수영구 광안동 191 - 14,"설렁탕, 곰탕",051-757-7752,35.1538463,129.1179317
19,일반음식점,"외국음식전문점(인도,태국등)",샤브향남천점,"부산광역시 수영구 광남로 31, 2층 (남천동, BBC빌딩)",부산광역시 수영구 남천동 27 - 8 BBC빌딩 2층,월남쌈샤브샤브,051-612-3320,35.1526949,129.1177401
20,일반음식점,중국식,동화대반점,"부산광역시 수영구 수영로427번길 11, 1~2층 (남천동)",부산광역시 수영구 남천동 69 - 2 1~2층,탕수육,051-611-6686,35.144219,129.1086841
21,일반음식점,식육(숯불구이),대성양곱창,"부산광역시 수영구 무학로9번길 134, 1층 (광안동)",부산광역시 수영구 광안동 207 - 18 (1층),양곱창,051-751-1235,35.1671502,129.1172004
22,일반음식점,일식,다케다야,"부산광역시 수영구 남천동로108번길 31, 2층 (남천동)",부산광역시 수영구 남천동 3 - 58 2층,우동,051-611-5711,35.1466745,129.1128875
23,일반음식점,회집,뉴부산횟집,"부산광역시 수영구 광안해변로 31-5, 1~3층 (남천동)",부산광역시 수영구 남천동 558 - 17 1~3층,생선회,051-625-4200,35.1381712,129.1130836
24,일반음식점,탕류(보신용),남천삼계탕,"부산광역시 수영구 남천동로108번길 14, 1층 (남천동)",부산광역시 수영구 남천동 6 - 8 (1층),삼계탕,051-759-1999,35.1459592,129.1123532
25,일반음식점,한식,남천낙지볶음,"부산광역시 수영구 남천동로9번길 31, 1층 (남천동)",부산광역시 수영구 남천동 11 - 21 1층,낙지볶음,051-626-2017,35.1441797,129.1104996
26,일반음식점,회집,까치횟집,"부산광역시 수영구 광안해변로344번길 17-20, 5층 5호 (민락동, 풍경타워)",부산광역시 수영구 민락동 110 - 50 풍경타워 5층 5호,생선회,051-753-5866,35.1550268,129.1317525
27,일반음식점,복어취급,금강복아구전문점,"부산광역시 수영구 남천바다로10번길 69, 1층 (남천동)",부산광역시 수영구 남천동 28 - 14 1층,복국,051-623-1193,35.1467858,129.111075
28,일반음식점,한식,구가네,"부산광역시 수영구 망미배산로24번길 2, 1층 (망미동)",부산광역시 수영구 망미동 444 - 5 1층,한정식,051-755-2100,35.174414,129.1057609
29,일반음식점,한식,광안밀면,"부산광역시 수영구 수영로 587, 1층 (광안동)",부산광역시 수영구 광안동 741 - 9 외 2필지,밀면,051-751-5250,35.1582232,129.1129602
30,일반음식점,회집,광안리 부산횟집,"부산광역시 수영구 민락수변로 29, 4층 (민락동, 바다마루)",부산광역시 수영구 민락동 181 - 223 바다마루 4층,생선회,051-753-8881,35.153184,129.1246099
31,일반음식점,한식,개미집,"부산광역시 수영구 광남로130번길 9, 1층 (광안동)",부산광역시 수영구 광안동 194 - 7 1층,낙지볶음,051-758-7172,35.1531092,129.1172258
32,일반음식점,식육(숯불구이),강변한우,"부산광역시 수영구 좌수영로 153, 2층 (망미동)",부산광역시 수영구 망미동 202 - 1 2층,소갈비,051-861-4188,35.177653,129.1173552
33,일반음식점,식육(숯불구이),(주) C.H.B Company 이랴이랴,"부산광역시 수영구 광안로 9, 2~3층 (광안동)",부산광역시 수영구 광안동 144 - 25 외1필지 (2~3층),소고기,051-751-1024,35.1571629,129.1140697
34,일반음식점,일식,부산초밥,부산광역시 부산진구 부전로66번길 16 (부전동),부산광역시 부산진구 부전동 516 - 67,일식요리,051-819-1688,35.1557929,129.053475
35,일반음식점,분식,함경면옥,부산광역시 부산진구 부전로66번길 32 (부전동),부산광역시 부산진구 부전동 516 - 42,냉면,051-891-3000,35.1557413,129.0542218
36,일반음식점,중국식,금룡만두,부산광역시 부산진구 중앙대로702번길 17-1 (부전동),부산광역시 부산진구 부전동 168 - 184,중화요리,051-802-9168,35.1555805,129.057981
37,일반음식점,식육(숯불구이),세연정,"부산광역시 부산진구 가야대로 554, 1층 (가야동)",부산광역시 부산진구 가야동 221 - 2,소고기,051-867-2000,35.1536013,129.0305041
38,일반음식점,한식,아리한정식,"부산광역시 부산진구 가야대로 785 (부전동, 인제메디칼센터 2~3층)","부산광역시 부산진구 부전동 486 - 27 외2필지, 인제메디칼센터 2~3층",한정식,051-819-1323,35.1579094,129.0553503
39,일반음식점,한식,정가네 남도밥상,부산광역시 부산진구 중앙대로 786 (전포동),부산광역시 부산진구 전포동 876 - 4,샤브샤브,051-808-1238,35.1514508,129.0697068
40,일반음식점,한식,S서울깍뚜기,부산광역시 부산진구 서전로 49 (전포동),부산광역시 부산진구 전포동 665 - 3,"설렁탕,곰탕",051-816-3950,35.1581165,129.0629695
41,일반음식점,한식,진가네추어탕,"부산광역시 부산진구 백양순환로 9, 1층 (당감동, 동남주상복합아파트)",부산광역시 부산진구 당감동 623 - 2,추어탕,051-891-4458,35.1655463,129.0308494
42,일반음식점,한식,돌쇠본가,부산광역시 부산진구 성지곡로12번길 25 (초읍동),부산광역시 부산진구 초읍동 102 - 4,"전복갈비찜,돌솥밥",051-804-7980,35.183873,129.0466071
43,일반음식점,한식,도마위에 암소,부산광역시 부산진구 서면문화로 48 (부전동),부산광역시 부산진구 부전동 404 - 5,한우,051-805-0073,35.1613772,129.0534561
44,일반음식점,일식,월강,"부산광역시 부산진구 서면로 7, 월강빌딩 1,2,3,4층 (부전동)",부산광역시 부산진구 부전동 533 - 10 월강빌딩,일식요리,051-806-2500,35.1514508,129.0554275
45,일반음식점,한식,전통음식점 원양,부산광역시 부산진구 동평로420번길 23 (양정동),부산광역시 부산진구 양정동 393 - 2,"생갈비,쌈밥",051-864-0773,35.1722206,129.0677607
46,일반음식점,분식,춘하추동밀면,부산광역시 부산진구 서면문화로 48-1 (부전동),부산광역시 부산진구 부전동 404 - 3,밀면,051-809-8659,35.1614773,129.0533476
47,일반음식점,분식,남강면옥,부산광역시 부산진구 신천대로65번길 68 (범천동),부산광역시 부산진구 범천동 875 - 1,"냉면,곰탕",051-647-4165,35.1470873,129.0557528
48,일반음식점,한식,청담,"부산광역시 부산진구 가야대로784번길 42, 지상1층 (부전동)",부산광역시 부산진구 부전동 516 - 2 지상1층,"오리,삼겹바베큐",051-807-5555,35.1555801,129.0549331
49,일반음식점,한식,하동재첩왕갈비,"부산광역시 부산진구 중앙대로743번길 25 (부전동,(1층))",부산광역시 부산진구 부전동 262 - 15 (1층),재첩국,051-808-5668,35.1598064,129.0567909
50,일반음식점,한식,전포정,부산광역시 부산진구 전포대로200번길 28 (전포동),부산광역시 부산진구 전포동 340 - 1,삼계탕,051-807-2113,35.1543917,129.0649481
51,일반음식점,한식,중앙숯불갈비,부산광역시 부산진구 골드테마길 65 (범천동),부산광역시 부산진구 범천동 847 - 32,"돼지갈비,삼겹살",051-632-2008,35.1446229,129.0577116
52,일반음식점,회집,남해수산횟집,부산광역시 부산진구 서면문화로 11-1 (부전동),부산광역시 부산진구 부전동 475 - 4,생선회,051-818-9898,35.1585671,129.0550618
53,일반음식점,한식,동남갈비,부산광역시 부산진구 부전로96번길 35 (부전동),부산광역시 부산진구 부전동 474 - 129,"돼지갈비, 삼겹살",051-804-3700,35.1588832,129.054471
54,일반음식점,한식,용궁해물탕,부산광역시 부산진구 서면문화로5번길 10 (부전동),부산광역시 부산진구 부전동 475 - 17,해물탕,051-808-4711,35.1584225,129.0550028
55,일반음식점,일식,일송초밥,"부산광역시 부산진구 중앙대로691번길 52, 지상1층 (부전동)",부산광역시 부산진구 부전동 520 - 38 지상1층,생선회,051-805-3300,35.1546303,129.054079
56,일반음식점,한식,장수국밥,부산광역시 부산진구 새싹로29번길 8 (부전동 30),"부산광역시 부산진구 부전동 401 - 23 ,30","돼지국밥,수육",051-804-2277,35.1603621,129.0543947
57,일반음식점,한식,남대문,"부산광역시 부산진구 부전로96번길 35 (부전동 130,4,144)","부산광역시 부산진구 부전동 474 - 45 ,130,4,144",돼지갈비. 삼겹살. 돌솥밥,051-805-9191,35.1588832,129.054471
58,일반음식점,한식,태화육개장,부산광역시 부산진구 서면문화로 18-1 (부전동),부산광역시 부산진구 부전동 397 - 21,"육개장,수육",051-802-5995,35.1592796,129.0547999
59,일반음식점,한식,급행장,부산광역시 부산진구 서면문화로 4 (부전동),부산광역시 부산진구 부전동 259 - 27,"소갈비, 갈비탕",051-809-2100,35.1580852,129.0558403
60,일반음식점,회집,제일횟집,"부산광역시 부산진구 서면문화로 24 (부전동 25 (1,2,3층))","부산광역시 부산진구 부전동 398 - 12 ,25 (1,2,3층)",일식,051-805-6290,35.159482,129.0544436
61,일반음식점,회집,동해물회,부산광역시 부산진구 서전로 15 (부전동),부산광역시 부산진구 부전동 142 - 5,물회,051-809-3305,35.1579499,129.0591521
62,일반음식점,한식,대서양식당,부산광역시 부산진구 부전로96번길 26 (부전동),부산광역시 부산진구 부전동 477 - 16,참치회,051-809-0190,35.1585948,129.0539536
63,일반음식점,분식,우정분식,부산광역시 부산진구 동천로85번길 3 (부전동),부산광역시 부산진구 부전동 168 - 365,돌솥비빔밥,051-803-0303,35.1562349,129.0598323
64,일반음식점,한식,골목식당,부산광역시 부산진구 가야대로784번길 46 (부전동),부산광역시 부산진구 부전동 516 - 3,숯불갈비,051-803-3850,35.1554854,129.0549341
65,일반음식점,한식,초원가든,"부산광역시 부산진구 부전로 57, 지상1층 (부전동)",부산광역시 부산진구 부전동 514 - 1 지상1층,"소양념갈비,소진갈비살,한우",051-806-8878,35.1547744,129.052743
66,일반음식점,한식,대서양식당,부산광역시 부산진구 부전로96번길 20 (부전동),부산광역시 부산진구 부전동 477 - 30,참치회,051-802-0909,35.1586205,129.0535862
67,일반음식점,한식,마당집,부산광역시 부산진구 부전로 69 (부전동),부산광역시 부산진구 부전동 512 - 23,"생등심, 생갈비",051-806-8602,35.1562979,129.0522029
68,일반음식점,중국식,동보성,"부산광역시 부산진구 서면문화로 27 (부전동,유원O/T 지하102호, 101호)","부산광역시 부산진구 부전동 474 - 80 유원O/T 지하102호, 101호","짜장면,탕수육",051-816-1649,35.1594776,129.0534553
69,일반음식점,한식,언양식당,부산광역시 부산진구 가야대로588번길 13 (가야동),부산광역시 부산진구 가야동 275 - 4,생갈비,051-898-6858,35.153996,129.0337951
70,일반음식점,한식,북해도,부산광역시 부산진구 중앙대로691번길 52 (부전동),부산광역시 부산진구 부전동 520 - 38,"생선회,초밥",051-806-1585,35.1546303,129.054079
71,일반음식점,뷔페식,오쉐르웨딩홀.부페,부산광역시 부산진구 중앙대로775번길 5 (부전동),부산광역시 부산진구 부전동 341 - 5,뷔페,051-811-2121,35.1616107,129.0592205
72,일반음식점,기타,산애들(개금점),"부산광역시 부산진구 가야대로 451 (개금동, 개금메디칼빌딩2층일부)",부산광역시 부산진구 개금동 511 - 1 개금메디칼빌딩2층일부,샤브샤브,051-891-5900,35.153687,129.0193445
73,일반음식점,기타,정동진해물탕해물찜,"부산광역시 부산진구 서면문화로 37 (부전동, 정동진해물탕2~3층)","부산광역시 부산진구 부전동 406 - 14 외1필지, 지상2~3층","해물탕,해물찜",051-809-8208,35.1604373,129.0531707
74,일반음식점,복어취급,바다호호복국,"부산광역시 부산진구 서면문화로 26, 1층 (부전동)",부산광역시 부산진구 부전동 398 - 8,복국,051-807-0009,35.1596927,129.0541543
75,일반음식점,한식,조방낙지초읍점,"부산광역시 부산진구 성지곡로 17 (초읍동, 지상1층전체)",부산광역시 부산진구 초읍동 351 - 13 지상1층전체,낙지볶음,051-804-8600,35.1840675,129.0451757
76,일반음식점,뷔페식,더스타,"부산광역시 부산진구 중앙대로666번길 50 (부전동,센트럴스타 상가동204,205,206호(지하2층))","부산광역시 부산진구 부전동 537 - 9 센트럴스타 상가동204,205,206호(지하2층)",뷔페,051-918-8000,35.1522952,129.0582567
77,일반음식점,기타,명가조방낙지,"부산광역시 부산진구 중앙대로666번길 50, 상가동 지하2층 비203호 (부전동, 더?氷아?럴스타)",부산광역시 부산진구 부전동 537 - 9 더?氷아?럴스타 상가동 비203호,낙지볶음,051-932-5945,35.1514591,129.0589372
78,일반음식점,뷔페식,갤러리움웨딩홀부페,"부산광역시 부산진구 중앙대로969번길 11, c201호 (양정동,양정롯데갤러리움아파트(2층))",부산광역시 부산진구 양정동 273 - 1 양정롯데갤러리움아파트(2층) c201호,뷔페,051-852-6776,35.1758917,129.070569
79,일반음식점,한식,건양정홍삼삼계탕서면점,"부산광역시 부산진구 동성로 147 (전포동,외1필지(1.2층))",부산광역시 부산진구 전포동 878 - 20 외1필지(1.2층),삼계탕,051-817-3317,35.1610841,129.0607844
80,일반음식점,식육(숯불구이),덕궁,"부산광역시 부산진구 새싹로 251 (초읍동,(2층, 3층))","부산광역시 부산진구 초읍동 273 - 1 (2층, 3층)",소고기구이,051-802-6699,35.178509,129.0455556
81,일반음식점,식육(숯불구이),외식일번가 부산진구점,"부산광역시 부산진구 신천대로 222, 2,3층 (부암동)","부산광역시 부산진구 부암동 123 - 6 (2,3층)",쇠고기구이,051-816-0007,35.1618982,129.0485805
82,일반음식점,한식,강원삼계탕,"부산광역시 부산진구 개금온정로 10 (개금동,796-1개금롯데캐슬상가2동제지1층 B117,B118,B119)","부산광역시 부산진구 개금동 796 796-1개금롯데캐슬상가2동제지1층 B117,B118,B119","삼계탕,곰탕류",051-502-9116,35.1544137,129.024292
83,일반음식점,중국식,북경,부산광역시 부산진구 시민공원로19번길 32-5 (부암동),부산광역시 부산진구 부암동 80 - 26,중화요리,051-807-6709,35.1647156,129.0496574
84,일반음식점,식육(숯불구이),서면고기집,"부산광역시 부산진구 서전로10번길 45-6, 지상1-2층 (부전동)",부산광역시 부산진구 부전동 168 - 457 지상1-2층,곰탕,051-809-0013,35.1557227,129.0578994
85,일반음식점,중국식,태백관,부산광역시 부산진구 서전로9번길 52 (부전동),부산광역시 부산진구 부전동 98 - 10,자장면,051-806-9197,35.1598264,129.0596913
86,일반음식점,한식,이바돔감자탕,부산광역시 부산진구 중앙대로 808 (전포동),부산광역시 부산진구 전포동 874 - 1,감자탕,051-805-3330,35.1510923,129.0698865
87,일반음식점,한식,현대가든,부산광역시 부산진구 범양로125번길 12 (양정동),부산광역시 부산진구 양정동 507 - 22,"생갈비,삼겹살",051-852-8866,35.1744554,129.0629246
88,일반음식점,한식,일품정가,부산광역시 부산진구 가야대로703번길 25 (당감동),부산광역시 부산진구 당감동 69 - 7,삼겹살,051-891-9136,35.1582959,129.0461184
89,일반음식점,한식,다원정,부산광역시 부산진구 서면문화로 23-1 (부전동),부산광역시 부산진구 부전동 474 - 31,등심구이,051-808-3800,35.159131,129.0539616
90,일반음식점,중국식,백향만두,부산광역시 부산진구 당감로 118 (부암동),부산광역시 부산진구 부암동 560 - 14,"우동,자장면",051-816-6960,35.1728559,129.0348258
91,일반음식점,경양식,씨제이푸드빌(주)빕스서면점,부산광역시 부산진구 중앙대로 654 (부전동),부산광역시 부산진구 부전동 536 - 8,"스테이크, 샐러드바",051-817-1997,35.1557511,129.0482304
92,일반음식점,한식,백양돼지국밥,부산광역시 부산진구 백양관문로 84 (당감동),부산광역시 부산진구 당감동 792 - 12,돼지국밥,051-898-0505,35.1663927,129.0266109
93,일반음식점,한식,미락,부산광역시 부산진구 당감서로 90 (부암동),부산광역시 부산진구 부암동 505 - 1,"생선회,초밥",051-809-8077,35.1685112,129.0345127
94,일반음식점,한식,사랑채,부산광역시 부산진구 월드컵대로472번길 24 (초읍동),부산광역시 부산진구 초읍동 308 - 10,한정식,051-805-3832,35.1833425,129.0471931
95,일반음식점,한식,(주)사미헌,부산광역시 부산진구 서면문화로 19 (부전동),부산광역시 부산진구 부전동 474 - 26,"등심구이,갈비탕",051-819-6677,35.1589912,129.0544932
96,일반음식점,한식,진수밥상,"부산광역시 부산진구 백양관문로 111 (당감동,(1층))",부산광역시 부산진구 당감동 808 (1층),막국수,051-895-1511,35.1683424,129.0248045
97,일반음식점,식육(숯불구이),공감식당,"부산광역시 부산진구 동평로 81, 1층 (당감동)",부산광역시 부산진구 당감동 416 - 3 (1층),삼겹살,051-891-2041,35.1655149,129.0362002
98,일반음식점,한식,옛날구포집,부산광역시 부산진구 황령대로7번길 16 (범천동),부산광역시 부산진구 범천동 858 - 53,"게조림,아구찜",051-631-7404,35.1483357,129.0579221
99,일반음식점,식육(숯불구이),태백산 참숯마을,"부산광역시 해운대구 재반로60번길 2 (재송동, 2,3층)",부산광역시 해운대구 재송동 480,통돼지갈비,051-784-5522,35.18385979,129.1265044
100,일반음식점,한식,궁중식당,"부산광역시 해운대구 좌동로63번길 21 (중동, 지상1층)",부산광역시 해운대구 중동 218-7,아구찜,051-702-1801,35.17142288,129.1718236
101,일반음식점,한식,거창순두부,"부산광역시 해운대구 좌동순환로 55-1 (좌동, 지상1층)",부산광역시 해운대구 좌동 1341-11,순두부,051-731-4988,35.17145704,129.1664232
102,일반음식점,회집,거북선횟집,부산광역시 해운대구 달맞이길62번길 69 (중동),부산광역시 해운대구 중동 996-7,생선회,051-741-8851,35.15682682,129.1739628
103,일반음식점,뷔페식,(주)헬로우스시,"부산광역시 해운대구 해운대해변로 163 (우동, 현대베네시티상가지하101-1,102호)",부산광역시 해운대구 우동 1432,뷔페식,051-746-7466,35.15920871,129.1502672
104,일반음식점,한식,해운마루,"부산광역시 해운대구 달맞이길62번길 65 (중동, 지상1층)",부산광역시 해운대구 중동 996-1,생선회,051-743-2772,35.15700136,129.1736251
105,일반음식점,한식,해운대이름난암소갈비,"부산광역시 해운대구 달맞이길 22 (중동, 외2필지 지상3층)",부산광역시 해운대구 중동 1139-4,소갈비,051-744-0054,35.16191233,129.1672636
106,일반음식점,한식,해운대소문난암소갈비집,부산광역시 해운대구 중동2로10번길 32-10 (중동),부산광역시 해운대구 중동 1225-1,소갈비,051-746-3333,35.16322889,129.1662726
107,일반음식점,한식,해운대소문난삼계탕,"부산광역시 해운대구 중동2로 6 (중동, 외1필지 1층)",부산광역시 해운대구 중동 1394-39,탕류,051-741-4545,35.16261027,129.1649905
108,일반음식점,한식,할매복국,"부산광역시 해운대구 달맞이길62번길 1 (중동, 2,3층)",부산광역시 해운대구 중동 940-14,복국,051-742-2789,35.16090683,129.171508
109,일반음식점,식육(숯불구이),한우 뭉치,부산광역시 해운대구 대천로106번길 16 (좌동),부산광역시 해운대구 좌동 908-4,식육전문,051-702-6692,35.17414594,129.1745194
110,일반음식점,한식,통영 굴국밥,"부산광역시 해운대구 좌동순환로 443 (중동, 103,105호(지상1층))",부산광역시 해운대구 중동 1516-2,굴국밥,051-747-8892,35.16121472,129.1722917
111,일반음식점,경양식,오페라,"부산광역시 해운대구 달맞이길117번길 29 (중동, 3층)",부산광역시 해운대구 중동 1510-12,스테이크,051-746-6670,35.15897556,129.1754645
112,일반음식점,식육(숯불구이),오발탄,"부산광역시 해운대구 해운대로570번길 10 (우동, 지상1,2층일부)",부산광역시 해운대구 우동 646-1,양곱창,051-746-6080,35.16035216,129.1551347
113,일반음식점,한식,예이제,"부산광역시 해운대구 해운대해변로298번길 29 (중동, 해운대푸르지오씨디 210~216호)",부산광역시 해운대구 중동 1123 해운대푸르지오시티,한정식,051-731-1100,35.1609695,129.1668879
114,일반음식점,회집,영변횟집,부산광역시 해운대구 송정해변로 30 (송정동),부산광역시 해운대구 송정동 297-17 영변,생선회,051-703-7590,35.18079858,129.2029075
115,일반음식점,한식,언양봉계숯불갈비,"부산광역시 해운대구 재반로 186 (반여동, 지상2층 일부)",부산광역시 해운대구 반여동 1291-1021,돼지갈비,051-752-3662,35.19388093,129.1306069
116,일반음식점,한식,양산국밥,"부산광역시 해운대구 좌동로10번길 75 (중동, 지상1,2층)",부산광역시 해운대구 중동 285-1,국밥,051-703-3544,35.16784498,129.1726943
117,일반음식점,중국식,얌차이나,"부산광역시 해운대구 센텀남대로 59 (우동, 롯데백화점센텀시티점6층)",부산광역시 해운대구 우동 1496 롯데백화점센텀시티점,중화요리,051-730-3903,35.16985471,129.1310752
118,일반음식점,한식,신토불이보쌈,"부산광역시 해운대구 구남로29번길 35 (중동, 2층)",부산광역시 해운대구 중동 1380-4,보쌈,051-731-1441,35.16281775,129.1621616
119,일반음식점,한식,수비가든,부산광역시 해운대구 해운대로469번길 142 (우동),부산광역시 해운대구 우동 1072-38,오리구이,051-742-8998,35.16869453,129.1413557
120,일반음식점,한식,해운사계,"부산광역시 해운대구 구남로8번길 71 (우동, 지상1,2층)",부산광역시 해운대구 우동 642-2,한정식,051-731-0041,35.16110817,129.1561991
121,일반음식점,한식,동백삼계탕,"부산광역시 해운대구 마린시티3로 23 (우동, 벽산e오렌지상가 320호 - 325호 )",부산광역시 해운대구 우동 1435,삼계탕,051-900-9933,35.15664443,129.1469274
122,일반음식점,일식,덴포라,"부산광역시 해운대구 좌동로10번길 21 (중동, 지상2층)",부산광역시 해운대구 중동 1318-5,바다가재,051-742-0633,35.16735613,129.1701187
123,일반음식점,탕류(보신용),남해돼지국밥,"부산광역시 해운대구 선수촌로 184 (반여동, 지상1층)",부산광역시 해운대구 반여동 870-1,국밥류,051-523-0468,35.20898505,129.1241611
124,일반음식점,한식,남도,"부산광역시 해운대구 센텀6로 21 (우동, 인텔리움센텀 205, 206호)",부산광역시 해운대구 우동 1458,고등어구이,051-905-9292,35.17359479,129.1292169
125,일반음식점,한식,낙지볶음개미집,"부산광역시 해운대구 대천로 38 (중동, 지상2층)",부산광역시 해운대구 중동 142-8,낙지볶음,051-744-6446,35.17033473,129.1697003
126,일반음식점,한식,기장식당,"부산광역시 해운대구 중동2로 5 (중동, 1층)",부산광역시 해운대구 중동 1394-64,가자미찌개,051-743-4944,35.16254039,129.164759
127,일반음식점,회집,금오,"부산광역시 해운대구 청사포로58번길 62 (중동, 1,2층)",부산광역시 해운대구 중동 662-1,생선회,051-742-0011,35.16116862,129.1881076
128,일반음식점,복어취급,금수복국,"부산광역시 해운대구 중동1로43번길 23 (중동, 1~2층)",부산광역시 해운대구 중동 1394-65,복국,051-742-3600,35.16241675,129.1644938
129,일반음식점,복어취급,초원복국,"부산광역시 해운대구 해운대해변로 329-2 (중동, 2,3층)",부산광역시 해운대구 중동 1225-5,복국,051-743-5291,35.16288958,129.1659385
130,일반음식점,한식,초원농원 해운대점,"부산광역시 해운대구 좌동순환로8번길 13 (중동, 외2필지(2층))",부산광역시 해운대구 중동 1310-2,한우등심,051-744-1592,35.16754816,129.1679699
131,일반음식점,한식,채선당(해운대점),"부산광역시 해운대구 세실로 45 (좌동, 대승프라자201호)",부산광역시 해운대구 좌동 1484-1,샤브샤브,051-703-9600,35.16898947,129.1782872
132,일반음식점,한식,유바기쭈꾸미,"부산광역시 해운대구 좌동로 105 (좌동, 지상1층)",부산광역시 해운대구 좌동 397-1,불쭈꾸미,051-703-1085,35.1731816,129.1763608
133,일반음식점,한식,원조지구촌암소숯불생,"부산광역시 해운대구 청사포로 103 (중동, 외3필지(1층,2층))",부산광역시 해운대구 중동 504-6,갈비류,051-704-6885,35.16267139,129.1911151
134,일반음식점,식육(숯불구이),외식일번가,"부산광역시 해운대구 해운대로 425 (우동, 지상1,2층)",부산광역시 해운대구 우동 1060-1,소갈비,051-743-3338,35.16636668,129.1415976
135,일반음식점,한식,수백한상,"부산광역시 해운대구 구남로8번길 86 (우동, 지상1층)",부산광역시 해운대구 우동 641-18,돼지국밥,051-746-5953,35.16099227,129.1551218
136,일반음식점,한식,수미밥상,"부산광역시 해운대구 재반로 130-1 (재송동, 1층일부)",부산광역시 해운대구 재송동 1131-1,보리밥,051-782-8536,35.18989306,129.1271478
137,일반음식점,회집,수림횟집,"부산광역시 해운대구 해운대해변로221번길 15 (우동, A동 지상1층 )",부산광역시 해운대구 우동 647-1,생선회,051-744-5570,35.15991117,129.1560065
138,일반음식점,한식,솔내음한정식,"부산광역시 해운대구 달맞이길117번길 17-11 (중동, 지상3층)",부산광역시 해운대구 중동 1509-5,돌솥밥,051-746-8818,35.15858359,129.1749869
139,일반음식점,회집,선창횟집,부산광역시 해운대구 달맞이길62번길 67 (중동),부산광역시 해운대구 중동 996-6,생선회,051-747-7470,35.15688239,129.1738099
140,일반음식점,한식,선미아구찜,"부산광역시 해운대구 세실로 104 (좌동, 롯데캐슬마스트타운201~203호)",부산광역시 해운대구 좌동 970 해운대좌동롯데캐슬마스터타운 201호,아구찜,051-701-0006,35.17404388,129.1757475
141,일반음식점,한식,서울깍두기,"부산광역시 해운대구 세실로69번길 19 (좌동, 블루스퀘어B동101,102호)",부산광역시 해운대구 좌동 1461-8,설렁탕,051-703-0085,35.17207883,129.1757521
142,일반음식점,한식,샤브향 반송점,"부산광역시 해운대구 반송로877번길 19 (반송동, 1,2층)",부산광역시 해운대구 반송동 365-25,소고기샤브,051-542-0333,35.23115982,129.1508877
143,일반음식점,식육(숯불구이),삼겹속에 삼겹,"부산광역시 해운대구 반여로27번길 28 (반여동, 1364-4 지상2층)",부산광역시 해운대구 반여동 1364-4,삼겹살,051-527-3788,35.19596466,129.1188094
144,일반음식점,한식,배비장보쌈,"부산광역시 해운대구 해운대로483번길 1-1 (우동, 외1필지 지상2층)",부산광역시 해운대구 우동 959-1,보쌈,051-742-7755,35.1633188,129.1455394
145,일반음식점,한식,맛나감자탕,"부산광역시 해운대구 명장로67번길 53 (반여동, 지상2층 )",부산광역시 해운대구 반여동 1160,감자탕,051-527-6258,35.20484834,129.1123971
146,일반음식점,한식,맛나감자탕,"부산광역시 해운대구 좌동로91번길 17 (좌동, 지상2층 )",부산광역시 해운대구 좌동 985-4,감자탕,051-703-7471,35.17277742,129.174357
147,일반음식점,회집,동백섬 횟집,"부산광역시 해운대구 해운대해변로209번나길 17 (우동, 지상1,2,3층)",부산광역시 해운대구 우동 655-7,생선회,051-741-3888,35.16041074,129.1546636
148,일반음식점,한식,바래,"부산광역시 중구 중앙대로81번길 4, 1층 (중앙동4가, 4,5,20)","부산광역시 중구 중앙동4가 53 - 1 4,5,20 (1층)",해물탕,051-463-7005,35.105123,129.035727
149,일반음식점,일식,여송제,"부산광역시 중구 광복로18번길 5, 1~2층 (부평동1가)",부산광역시 중구 부평동1가 37 - 10 1~2층,족발,051-246-2111,35.099165,129.027206
150,일반음식점,식육(숯불구이),대어,"부산광역시 중구 자갈치로 52, 1,2층 (남포동5가)","부산광역시 중구 남포동5가 107 - 1 (1,2층)",초밥,051-244-8826,35.097177,129.029912
151,일반음식점,한식,기와집,"부산광역시 중구 대청로137번길 7-2, 1층 (중앙동3가, 1층일부)",부산광역시 중구 중앙동3가 19 - 2 (1층일부),송이버섯,051-466-5550,35.103544,129.034885
152,일반음식점,일식,최가네국밥,"부산광역시 중구 흑교로46번길 4-1, 1층 (보수동1가)",부산광역시 중구 보수동1가 101 - 4 (1층),돼지국밥,051-256-0544,35.103497,129.025583
153,일반음식점,한식,부산명물횟집,부산광역시 중구 자갈치해안로 55 (남포동4가),부산광역시 중구 남포동4가 38,생선회,051-245-4995,35.097113,129.031118
154,일반음식점,한식,부산숯불갈비,"부산광역시 중구 중구로48번길 9, 1층 (신창동3가)",부산광역시 중구 신창동3가 3 - 2 (1층),생갈비,051-245-5534,35.102315,129.028891
155,일반음식점,식육(숯불구이),대궁한정식,"부산광역시 중구 태종로 14-1 (남포동1가, (73-3))",부산광역시 중구 남포동1가 72 - 2 (73-3),한정식,051-257-0701,35.096524,129.035651
156,일반음식점,한식,숟가락젓가락,부산광역시 중구 광복로55번길 14 (창선동1가),부산광역시 중구 창선동1가 9 - 3,한정식,051-248-0135,35.099889,129.030078
157,일반음식점,일식,이재모피자,"부산광역시 중구 광복중앙로 31 (신창동1가, 2, 4-3)","부산광역시 중구 신창동1가 2 - 1 2, 4-3","피자,파스타",051-255-9494,35.102102,129.030578
158,일반음식점,일식,장터식당,"부산광역시 중구 광복로 19-1, 2층 (부평동1가, 외 2필지)",부산광역시 중구 부평동1가 35 - 20 외 2필지 (2층),영양탕,051-246-9789,35.099669,129.0273
159,일반음식점,한식,섬진강재첩전문점,"부산광역시 중구 광복로85번길 15-1, 1층 (동광동2가, 10-4,5번지)","부산광역시 중구 동광동2가 10 - 4 , 5 (1층)",재첩국,051-246-6471,35.099768,129.034749
160,일반음식점,일식,원산면옥,부산광역시 중구 광복로 56-8 (창선동1가),부산광역시 중구 창선동1가 37 - 1,냉면,051-245-2310,35.098979,129.031054
161,일반음식점,한식,동화반점,부산광역시 중구 흑교로75번길 3 (보수동2가),부산광역시 중구 보수동2가 73 - 8,자장면,051-253-6661,35.105786,129.02345
162,일반음식점,일식,진주집,"부산광역시 중구 대청로134번길 27, 1층 (중앙동1가)",부산광역시 중구 중앙동1가 24 - 9 (1층),추어탕,051-246-0310,35.100574,129.035406
163,일반음식점,한식,바다횟집,"부산광역시 중구 자갈치해안로 55-1, 1층 (남포동4가)",부산광역시 중구 남포동4가 38 - 1 (1층),생선회,051-245-1693,35.09713,129.031195
164,일반음식점,한식,가야밀면,"부산광역시 중구 광복로 56-14, 1층 (남포동2가)",부산광역시 중구 남포동2가 17 - 1 (1층),밀면,051-246-3314,35.098933,129.031229
165,일반음식점,일식,원조한양족발,"부산광역시 중구 광복로 13, 1,2층 (부평동1가, 35-36)","부산광역시 중구 부평동1가 35 - 11 35-36  1,2층동",족발,051-246-3039,35.099595,129.026488
166,일반음식점,일식,청진동해장국,"부산광역시 중구 광복로6번길 7-1, 1층 (부평동2가)",부산광역시 중구 부평동2가 37 - 5 (1층),해장국,051-246-1198,35.098817,129.025776
167,일반음식점,일식,용수민물장어,부산광역시 중구 충장대로5번길 56-2 (중앙동4가),부산광역시 중구 중앙동4가 78 - 4,민물장어,051-462-5758,35.110139,129.038358
168,일반음식점,한식,맛찬들왕소금구이 부평점,부산광역시 중구 광복로 3 (부평동2가),부산광역시 중구 부평동2가 56 - 2,삼겹살,051-245-8730,35.099676,129.025447
169,일반음식점,일식,하늘선물,부산광역시 중구 부평1길 57 (부평동2가),부산광역시 중구 부평동2가 75 - 1,죽,051-245-0464,35.102071,129.025773
170,일반음식점,한식,구포집,부산광역시 중구 보수대로36번길 14-1 (부평동3가),부산광역시 중구 부평동3가 36 - 8,추어탕,051-244-2146,35.101215,129.024644
171,일반음식점,경양식,황태를 벗삼아,"부산광역시 중구 대청로137번길 10-1, 1층 (중앙동3가)",부산광역시 중구 중앙동3가 12 - 7 (1층),황태찜,051-468-5958,35.103713,129.035084
172,일반음식점,한식,서울삼계탕,부산광역시 중구 남포길 36 (남포동2가),부산광역시 중구 남포동2가 26,삼계탕,051-245-3696,35.098281,129.032613
173,일반음식점,일식,중앙모밀우동,부산광역시 중구 중앙대로49번길 9-1 (중앙동2가),부산광역시 중구 중앙동2가 27,메밀,051-246-8686,35.101864,129.035291
174,일반음식점,한식,남포삼계탕,"부산광역시 중구 남포길 16, 1,2층 (남포동3가, 12-0,2,3,6)","부산광역시 중구 남포동3가 12 - 0 2,3,6 (1,2층)",삼계탕,051-245-5075,35.098795,129.030426
175,일반음식점,한식,S서울깍두기,"부산광역시 중구 구덕로34번길 10, 1층 (남포동2가)",부산광역시 중구 남포동2가 11 - 1 (1층),설렁탕,051-245-3950,35.098571,129.032398
176,일반음식점,복어취급,동해복국,부산광역시 중구 중구로5번길 11 (남포동6가),부산광역시 중구 남포동6가 73 - 3,복국,051-243-8763,35.097932,129.026982
177,일반음식점,한식,부흥식당,부산광역시 중구 부평2길 25 (부평동2가),부산광역시 중구 부평동2가 22 - 1,돼지갈비,051-245-7572,35.100615,129.026325
178,일반음식점,한식,새진주집,"부산광역시 중구 흑교로 60, 1,2층 (보수동1가)","부산광역시 중구 보수동1가 77 - 6 (1,2층)",비빔밥,051-256-9110,35.104773,129.024897
179,일반음식점,경양식,화국반점,"부산광역시 중구 백산길 3, 1~2층 (동광동3가)",부산광역시 중구 동광동3가 2 - 6 (1~2층),유니짜장,051-245-5305,35.102567,129.034236
180,일반음식점,한식,물꽁집,부산광역시 중구 흑교로59번길 3 (보수동2가),부산광역시 중구 보수동2가 89 - 6,아구탕,051-257-3230,35.104498,129.024389
181,일반음식점,한식,후타고,"부산광역시 중구 광복로85번길 3, 1층 (광복동1가)","부산광역시 중구 광복동1가 16 - 1 , 1층",대구탕,051-246-9799,35.098809,129.034123
182,일반음식점,한식,명송,"부산광역시 중구 해관로 32, 1~2층 (중앙동2가)",부산광역시 중구 중앙동2가 13,"생선회, 초밥",051-246-1225,35.10175,129.035882
183,일반음식점,한식,본참치,"부산광역시 중구 해관로 73, 1층 (중앙동4가, 일광빌딩)",부산광역시 중구 중앙동4가 51 일광빌딩,참치회,051-523-8659,35.105478,129.03526
184,일반음식점,한식,서울순두부,"부산광역시 중구 남포길 25-3, 3층 (남포동2가)",부산광역시 중구 남포동2가 15 - 1 (3층),순두부,051-244-5888,35.09885,129.031458
185,일반음식점,경양식,한우뭉치,"부산광역시 중구 보수대로 106, 2~3층 (보수동3가)",부산광역시 중구 보수동3가 5 - 16,쇠고기,051-254-3250,35.105279,129.021568
186,일반음식점,경양식,홍익돈까스 부산남포직영점,"부산광역시 중구 광복로 45-8, 1층 (창선동1가)",부산광역시 중구 창선동1가 21 (1층),돈까스,051-247-4503,35.09959,129.03025
187,일반음식점,한식,부산 원조 꼼장어 맛집 성일집,"부산광역시 중구 대교로 103, 1층 (중앙동6가, 10,9)",부산광역시 중구 중앙동6가 79 - 4 10.9 (1층),꼼장어,051-463-5888,35.09942,129.037465
188,일반음식점,한식,부산족발 주식회사,부산광역시 중구 광복로 17-1 (부평동1가),부산광역시 중구 부평동1가 35 - 5,족발,051-245-5359,35.099626,129.027059
189,일반음식점,한식,㈜팬스타트리(담),부산광역시 중구 중앙대로41번길 12 (중앙동2가),부산광역시 중구 중앙동2가 20 - 0,등심구이,051-241-6999,35.101287,129.035229
190,일반음식점,한식,개미집 본점,부산광역시 중구 중구로30번길 20-2 (신창동1가),부산광역시 중구 신창동1가 14 - 4,낙지볶음,051-246-3186,35.100521,129.029987
191,일반음식점,한식,녹두밭,"부산광역시 중구 광복로6번길 9, 1층 (부평동2가)",부산광역시 중구 부평동2가 37 - 6 (1층),녹두전,051-246-0790,35.098753,129.025797
192,일반음식점,한식,무궁화,"부산광역시 중구 충장대로5번길 46, 1층 (중앙동4가)",부산광역시 중구 중앙동4가 78 - 23 (1층),한정식,051-463-2223,35.109152,129.037906
193,일반음식점,한식,풍경마루,"부산광역시 강서구 공항진입로 108 (대저2동,국제선청사3층)",부산광역시 강서구 대저2동 2350 국제선청사3층,한정식,051-974-0020,35.1730746,128.945753
194,일반음식점,한식,하얀집,부산광역시 강서구 과학산단로334번다길 10 (지사동),부산광역시 강서구 지사동 1191 - 6,대구탕,051-973-7008,35.1495056,128.833221
195,일반음식점,한식,진해물산(주)용장어요리전문점,부산광역시 강서구 낙동남로682번길 94 (녹산동),부산광역시 강서구 녹산동 97 - 20,장어,051-941-5030,35.1180886,128.893126
196,일반음식점,한식,(주)웰리브 가덕해양Park 푸드코트2,부산광역시 강서구 거가대로 2571 (천성동),부산광역시 강서구 천성동 488 - 6 외25필지,"순두부, 돈까스",070-4050-6910,35.0228346,128.807799
197,일반음식점,한식,맛나감자탕 명지오션시티점,부산광역시 강서구 명지오션시티4로 68 (명지동),부산광역시 강서구 명지동 3238 - 13 2층,감자탕,051-206-9686,35.0830444,128.903279
198,일반음식점,한식,부산축산농협 축산물종합프라자,"부산광역시 강서구 낙동남로 446-1, 1층,2층 (녹산동)",부산광역시 강서구 녹산동 1215 - 17 1층 2층,불고기,051-831-3200,35.1115251,128.868901
199,일반음식점,복어취급,가마솥생복집,부산광역시  기장군 기장읍 차성로 327-2,부산광역시 기장군 기장읍 동부리 117-10,복어취급,051-722-2995,35.247161,129.213429
200,일반음식점,회집,죽도집,부산광역시  기장군 기장읍 연화1길 215,부산광역시 기장군 기장읍 연화리 112,"생선회, 매운탕",051-721-2411,35.219699,129.226838
201,일반음식점,회집,남항횟집,부산광역시  기장군 기장읍 기장해안로 572,부산광역시 기장군 기장읍 대변리 447-6,"생선회, 매운탕",051-721-2302,35.224282,129.226977
202,일반음식점,한식,장안집,부산광역시  기장군 장안읍 장안로 365,부산광역시 기장군 장안읍 장안리 420,백숙,051-727-1819,35.369941,129.244394
203,일반음식점,한식,소향갈비탕,부산광역시  기장군 기장읍 차성남로51번길 17,부산광역시 기장군 기장읍 대라리 422-4,갈비탕,051-722-6234,35.242751,129.215111
204,일반음식점,한식,팔각정,부산광역시  기장군 기장읍 대변로 101 (외1필지),부산광역시 기장군 기장읍 대변리 516-9,한정식,051-723-1717,35.228575,129.223857
205,일반음식점,회집,자연산횟집,"부산광역시  기장군 장안읍 장안로 48, B동 1층",부산광역시 기장군 장안읍 기룡리 454-5,"생선회, 매운탕",051-727-7334,35.345798,129.253206
206,일반음식점,한식,장안민물장어,부산광역시  기장군 장안읍 하근1길 5,부산광역시 기장군 장안읍 기룡리 313-9,민물장어,051-727-8292,35.346599,129.254918
207,일반음식점,한식,천지대게,"부산광역시  기장군 기장읍 차성로288번길 11, 1층",부산광역시 기장군 기장읍 대라리 419-30,대게찜,051-724-0203,35.243398,129.214285
208,일반음식점,한식,속초이모네,부산광역시  기장군 기장읍 대변로 105,부산광역시 기장군 기장읍 대변리 517,생선찜,051-612-6253,35.228645,129.224187
209,일반음식점,한식,오양수산장어구이센터,부산광역시  기장군 기장읍 기장해안로 548-3,부산광역시 기장군 기장읍 대변리 203-5,곰장어숯불구이,051-721-0074,35.222953,129.226323
210,일반음식점,회집,나룻터식당,부산광역시  기장군 기장읍 연화1길 183 (3층 중 1층),부산광역시 기장군 기장읍 연화리 143,"생선회, 매운탕",051-721-2415,35.218291,129.227782
211,일반음식점,분식,기장밀면,부산광역시  기장군 기장읍 청강로85번길 100,부산광역시 기장군 기장읍 청강리 158-4,밀면,051-721-3087,35.235809,129.219285
212,일반음식점,한식,수라간,부산광역시  기장군 철마면 와여1길 56-3,부산광역시 기장군 철마면 와여리 509-1,한정식,051-721-8866,35.277578,129.150968
213,일반음식점,복어취급,일광대복집,부산광역시  기장군 일광면 이화로 3,부산광역시 기장군 일광면 이천리 771-3,복어취급,051-721-1561,35.267134,129.233506
214,일반음식점,한식,해변짚불곰장어,부산광역시  기장군 기장읍 공수2길 11,부산광역시 기장군 기장읍 시랑리 563-1,곰장어숯불구이,051-721-4539,35.185537,129.211562
215,일반음식점,한식,송하원,부산광역시  기장군 철마면 안평로11번나길 11-4,부산광역시 기장군 철마면 안평리 518-5,소고기숯불구이,051-721-8692,35.236349,129.175933
216,일반음식점,한식,동양가든,부산광역시  기장군 기장읍 반송로 1550,부산광역시 기장군 기장읍 서부리 13-3,"보쌈, 식육",051-722-8673,35.248984,129.209172
217,일반음식점,중국식,월내반점,부산광역시  기장군 장안읍 해맞이로 425,부산광역시 기장군 장안읍 길천리 205-4,"우동, 짜장",051-727-3911,35.329756,129.281918
218,일반음식점,한식,신라해장국(장안점),"부산광역시  기장군 장안읍 장안로 8, B동 109호",부산광역시 기장군 장안읍 기룡리 448-1,해장국,051-727-7955,35.341533,129.251745
219,일반음식점,식육(숯불구이),고령식육식당,부산광역시  기장군 기장읍 차성동로142번길 9,부산광역시 기장군 기장읍 동부리 427-9,소고기숯불구이,051-722-8090,35.250808,129.218304
220,일반음식점,한식,장안매운탕,"부산광역시  기장군 장안읍 장안로 75-4, 1,2층",부산광역시 기장군 장안읍 기룡리 306,매기매운탕,051-727-0679,35.346826,129.254168
221,일반음식점,한식,원산갈비,부산광역시 사상구 광장로81번길 27 (괘법동),부산광역시 사상구 괘법동 535-8,돼지갈비,051-327-2127,35.161979,128.98213
222,일반음식점,한식,삼락하동재첩국,부산광역시 사상구 낙동대로1518번길 33 (삼락동),부산광역시 사상구 삼락동 70-21,재첩국,051-301-7200,35.193397,128.985613
223,일반음식점,한식,삼락식당,부산광역시 사상구 사상로233번길 10 (괘법동),부산광역시 사상구 괘법동 524-45,재첩국,051-328-4140,35.16586,128.982212
224,일반음식점,한식,오륙도낙지,부산광역시 사상구 모라로 64 (모라동),부산광역시 사상구 모라동 1039,낙지전골,051-301-5253,35.188691,128.987582
225,일반음식점,한식,밥상예찬,부산광역시 사상구 새벽로 218 (괘법동),부산광역시 사상구 괘법동 558-7,정식,051-317-2071,35.160433,128.984693
226,일반음식점,한식,왕호돌왕갈비,부산광역시 사상구 사상로 285 (덕포동),부산광역시 사상구 덕포동 422-15,돼지갈비,051-302-0460,35.170447,128.982462
227,일반음식점,한식,대궐안집,부산광역시 사상구 광장로 68 (괘법동),부산광역시 사상구 괘법동 559-11,소갈비,051-322-1223,35.161726,128.983997
228,일반음식점,한식,외갓집 꼬리 곰탕,부산광역시 사상구 낙동대로 722 (엄궁동),부산광역시 사상구 엄궁동 159-1,해장국,051-324-5552,35.125928,128.96852
229,일반음식점,한식,청원복집,부산광역시 사상구 백양대로907번길 25 (모라동),부산광역시 사상구 모라동 389,복국,051-311-3558,35.188053,128.989673
230,일반음식점,한식,곰보식당,부산광역시 사상구 낙동대로 1564 (삼락동),부산광역시 사상구 삼락동 50-1,안심,051-304-7733,35.196559,128.987823
231,일반음식점,한식,여로초장집,부산광역시 사상구 백양대로 977-1 (모라동),부산광역시 사상구 모라동 1329-1,생선회,051-312-2881,35.193465,128.992711
232,일반음식점,한식,정다옥설렁탕,부산광역시 사상구 농산물시장로 22(엄궁동),부산광역시 사상구 엄궁동 651-103,설렁탕,051-623-1233,35.126132,128.96458
233,일반음식점,한식,기장대게도매,부산광역시 사상구 엄궁로 7(엄궁동),부산광역시 사상구 엄궁동 687-3,대게,051-325-3536,35.124549,128.967186
234,일반음식점,한식,이화수 전통육개장 사상구청점,부산광역시 사상구 학감대로 257(감전동),부산광역시 사상구 감전동 134-8,육개장,051-328-8006,35.153857,128.989939
235,일반음식점,한식,샤브향 주례개금점,부산광역시 사상구 가야대로 384(주례동),부산광역시 사상구 주례동 57-14,샤브샤브,051-312-5454,35.151108,129.014519
236,일반음식점,일식,호(好),"부산광역시 사상구 운산로 52, 1층 (괘법동)",부산광역시 사상구 괘법동 516-27,초밥,051-328-3313,35.167709,128.981817
237,일반음식점,한식,힘쎈민물장어,부산광역시 사상구 주례로 261 (학장동),부산광역시 사상구 학장동 535-11,장어,051-316-8001,35.14237,128.989143
238,일반음식점,중국식,후 차이,"부산광역시 사상구 낙동대로 911, 1층 (감전동)",부산광역시 사상구 감전동 502-8,자장면,051-328-6000,35.141558,128.96966
239,일반음식점,한식,한라돈이 익는 마을애,부산광역시 사상구 광장로 103 (괘법동),부산광역시 사상구 괘법동 543-10,삽겹살,051-312-7499,35.163011,128.987655
240,일반음식점,한식,채선당 주례점,부산광역시 사상구 주례로10번길 110 (주례동),부산광역시 사상구 주례동 519-53,샤브샤브,051-312-0039,35.150006,129.005178
241,일반음식점,한식,유가네닭갈비동서점,부산광역시 사상구 주례로9번길 25 (주례동),부산광역시 사상구 주례동 55-198,닭갈비,051-312-9233,35.150563,129.012954
242,일반음식점,한식,맛나감자탕학장점,"부산광역시 사상구 대동로 103 (학장동, 금영빌딩2층)",부산광역시 사상구 학장동 585-15,감자탕,051-317-1435,35.13884,128.978895
243,일반음식점,한식,샤브향,"부산광역시 사상구 백양대로 987, 5층 (모라동)",부산광역시 사상구 모라동 170,쌈,051-302-3535,35.194194,128.992664
244,일반음식점,일식,도원,부산광역시 사상구 학감대로 257 (감전동),부산광역시 사상구 감전동 134-8,초밥,051-312-5588,35.15386,128.989927
245,일반음식점,한식,외식1번가서부산,부산광역시 사상구 농산물시장로 36 (엄궁동),부산광역시 사상구 엄궁동 652-7,소갈비,051-324-5757,35.126626,128.967045
246,일반음식점,한식,청운횟집,부산광역시 사상구 광장로81번길 28 (괘법동),부산광역시 사상구 괘법동 536-9,생선회,051-317-1200,35.163764,128.985037
247,일반음식점,한식,사상목촌돼지국밥,부산광역시 사상구 광장로 85 (괘법동),부산광역시 사상구 괘법동 545-22,돼지국밥,051-361-7000,35.162735,128.985843
248,일반음식점,한식,33숯불갈비,부산광역시 사상구 낙동대로776번길 27 (엄궁동),부산광역시 사상구 엄궁동 514-27,돼지갈비,051-317-3177,35.12944,128.972668
249,일반음식점,한식,골목아구찜,부산광역시 사상구 모라로 90-14 (모라동),부산광역시 사상구 모라동 952-7,아구찜,051-315-0755,35.186165,128.989376
250,일반음식점,한식,청기와샤브샤브,부산광역시 사상구 학감대로39번안길 15-9 (학장동),부산광역시 사상구 학장동 160-7,샤브샤브,051-324-9015,35.132922,128.997238
251,일반음식점,한식,돈돈촌,부산광역시 사상구 백양대로 887-26 (모라동),부산광역시 사상구 모라동 521,돼지갈비,051-316-8383,35.153258,128.990417
252,일반음식점,한식,금화횟집,부산광역시 사상구 백양대로 900 (모라동),부산광역시 사상구 모라동 459-1,생선회,051-315-5949,35.186692,128.991151
253,일반음식점,한식,창녕순대국밥,부산광역시 사상구 새벽시장로 114 (감전동),부산광역시 사상구 감전동 141-4,국밥,051-313-5128,35.153963,128.985942
254,일반음식점,한식,최기택송이아구찜,부산광역시 사상구 엄궁로 206 (엄궁동),부산광역시 사상구 엄궁동 567-6,아구찜,051-322-8688,35.130696,128.972953
255,일반음식점,한식,쌈촌주례점,부산광역시 사상구 백양대로 362 (주례동),부산광역시 사상구 주례동 10,쌈밥,051-311-4690,35.153212,129.012348
256,일반음식점,뷔페식,크로네컨벤션 부페,"부산광역시 사상구 광장로 60, 4~5층 (괘법동, 르네상스호텔)",부산광역시 사상구 괘법동 559-6,뷔페,051-327-3877,35.161787,128.983034
257,일반음식점,한식,바다회센타,부산광역시 사상구 사상로469번길 20 (모라동),부산광역시 사상구 모라동 750-1,생선회,051-302-2342,35.18838,128.990265
258,일반음식점,한식,조방낙지,부산광역시 사상구 가야대로 337 (주례동),부산광역시 사상구 주례동 190-3,낙지전골,051-325-9292,35.151446,129.009664
259,일반음식점,한식,대박집,부산광역시 사상구 학장로 330 (주례동),부산광역시 사상구 주례동 1162-28,대패삼겹살,051-317-9290,35.149766,129.000262
260,일반음식점,한식,고집불통,부산광역시 사상구 백양대로 463 (주례동),부산광역시 사상구 주례동 367-1,삼겹살,051-315-8227,35.152613,129.001142
261,일반음식점,한식,(주)합천일류돼지국밥,부산광역시 사상구 광장로 34 (괘법동),부산광역시 사상구 괘법동 565-6,돼지국밥,051-317-2478,35.162142,128.98033
262,일반음식점,한식,구덕민속촌,부산광역시 사상구 학감대로39번안길 15-17 (학장동),부산광역시 사상구 학장동 153,생갈비,051-311-0127,35.132683,128.997703
263,일반음식점,한식,포항물회,부산광역시 영도구 절영로 478 (동삼동),부산광역시 영도구 동삼동 570-1번지,물회,051-405-9077,35.070529,129.068675
264,일반음식점,한식,태종대 암소한마당,부산광역시 영도구 태종로833번길 11 (동삼동),부산광역시 영도구 동삼동 1013번지,갈비,051-404-5999,35.062216,129.082029
265,일반음식점,한식,제주복국,부산광역시 영도구 절영로 481 (동삼동),부산광역시 영도구 동삼동 487번지,복국,051-405-5050,35.071005,129.068867
266,일반음식점,한식,제일영양돌솥밥,부산광역시 영도구 태종로95번길 11 (대교동2가),부산광역시 영도구 대교동2가 33-2번지,돌솥밥,051-412-7892,35.092183,129.041463
267,일반음식점,한식,장원쌈밥,부산광역시 영도구 중리로 46-9 (동삼동),부산광역시 영도구 동삼동 510-20번지,쌈밥,051-404-4700,35.075152,129.068724
268,일반음식점,한식,일번지식당,부산광역시 영도구 대평남로 8 (대평동1가),부산광역시 영도구 대평동1가 80번지,복국,051-416-5231,35.090059,129.035832
269,일반음식점,한식,대관령코다리,"부산광역시 영도구 태종로 519 (동삼동,101호)",부산광역시 영도구 동삼동 213-19번지 조은아크로빌 101호,코다리찜,051-403-5088,35.084669,129.074057
270,일반음식점,한식,어리목도새기촌,부산광역시 영도구 절영로 485 (동삼동),부산광역시 영도구 동삼동 485번지,돔배수육,051-403-8015,35.071163,129.069374
271,일반음식점,한식,뚱땡이삼겹살,부산광역시 영도구 태종로 75 (대교동1가),부산광역시 영도구 대교동1가 161번지,삼겹살,051-416-0567,35.092588,129.039472
272,일반음식점,한식,두메산골터줏대감,부산광역시 영도구 태종로 86 (대교동2가),부산광역시 영도구 대교동2가 135-7번지 로얄팰리스,갈비,051-413-9278,35.091779,129.040241
273,일반음식점,한식,도원참치물회,부산광역시 영도구 절영로 468 (동삼동),부산광역시 영도구 동삼동 576번지,물회,051-403-5777,35.069969,129.067768
274,일반음식점,한식,남촌,부산광역시 영도구 남항로9번길 3 (남항동1가),부산광역시 영도구 남항동1가 59-3번지,샤브샤브,051-415-3230,35.090052,129.037674
275,일반음식점,한식,그램그램 영도점,부산광역시 영도구 중리로 25 (동삼동),부산광역시 영도구 동삼동 510-45번지,보쌈,051-403-0026,35.073073,129.068368
276,일반음식점,식육(숯불구이),한마당,부산광역시 동래구 아시아드대로 229 (온천동),부산광역시 동래구 온천동 1249 - 3,삼겹살,051-506-7888,35.204483,129.0669153
277,일반음식점,회집,청송식당,부산광역시 동래구 충렬대로359번길 44 (안락동),부산광역시 동래구 안락동 430 - 27,"생선회, 초밥",051-531-1144,35.19971393,129.0992042
278,일반음식점,회집,청산도횟집,부산광역시 동래구 명륜로 80-10 (수안동),부산광역시 동래구 수안동 191 - 7,생선회,051-552-9528,35.20109669,129.0848259
279,일반음식점,회집,청사포횟집,부산광역시 동래구 중앙대로1367번길 55 (온천동),부산광역시 동래구 온천동 707 - 1,생선회,051-557-1667,35.20956304,129.0764929
280,일반음식점,식육(숯불구이),주식회사세연정,부산광역시 동래구 충렬대로 149 (온천동),부산광역시 동래구 온천동 1438 - 5,"생갈비, 양념갈비",051-506-6666,35.20517824,129.0769511
281,일반음식점,탕류(보신용),조마루감자탕식당,부산광역시 동래구 명륜로 130-1 (명륜동),부산광역시 동래구 명륜동 569 - 15,감자탕,051-552-3651,35.20549002,129.0824134
282,일반음식점,한식,정림,부산광역시 동래구 충렬대로237번길 31-3 (수안동),부산광역시 동래구 수안동 460 - 3,약선요리,051-554-1994,35.20299543,129.0851807
283,일반음식점,일식,유가네 닭갈비 동래역점,부산광역시 동래구 삼성대길 40 (명륜동),부산광역시 동래구 명륜동 502 - 13,"생선회,초밥",051-552-5818,35.20470984,129.0819638
284,일반음식점,한식,오륙도낙지,부산광역시 동래구 사직북로5번길 30 (사직동),부산광역시 동래구 사직동 90 - 39,낙지볶음,051-506-1854,35.19620411,129.0591861
285,일반음식점,식육(숯불구이),영남식육식당 안락점,부산광역시 동래구 충렬대로 406 (안락동),부산광역시 동래구 안락동 606 - 21,한우숯불구이,051-528-7222,35.19632029,129.1026613
286,일반음식점,일식,어가식당,부산광역시 동래구 온천장로107번길 32 (온천동),부산광역시 동래구 온천동 137 - 0,"생선회,초밥",051-554-0331,35.22116261,129.0826877
287,일반음식점,탕류(보신용),안양해물탕,"부산광역시 동래구 사직로 66 (사직동,89-7)",부산광역시 동래구 사직동 89 - 6 89-7,해물탕,051-505-0480,35.19554187,129.0586394
288,일반음식점,식육(숯불구이),수목원,부산광역시 동래구 금정마을로 81 (온천동),부산광역시 동래구 온천동 1119 - 41,오리,051-558-3399,35.2127009,129.0641563
289,일반음식점,복어취급,수궁복집,부산광역시 동래구 충렬대로 296 (낙민동),부산광역시 동래구 낙민동 198 - 16,복국,051-555-2151,35.19983099,129.0912552
290,일반음식점,한식,송가네대구탕,부산광역시 동래구 미남로132번길 17 (온천동),부산광역시 동래구 온천동 1425 - 13,"대구탕,뽈찜",051-504-3900,35.20610884,129.0706157
291,일반음식점,한식,새미골해물아구찜,부산광역시 동래구 안연로 58-1 (안락동),부산광역시 동래구 안락동 633 - 9,해물아구찜,051-525-0555,35.19270724,129.0995269
292,일반음식점,한식,산성별관,부산광역시 동래구 온천장로119번길 12-3 (온천동),부산광역시 동래구 온천동 150 - 10,"아구찜,오리고기",051-556-7105,35.22168147,129.0841335
293,일반음식점,식육(숯불구이),봉식당,부산광역시 동래구 온천장로119번길 26 (온천동),부산광역시 동래구 온천동 150 - 15,"보쌈,회",051-556-9911,35.22175869,129.0835634
294,일반음식점,한식,복순아구찜,부산광역시 동래구 석사북로95번길 20 (온천동),부산광역시 동래구 온천동 1235 - 2,아구찜,051-503-5222,35.2063781,129.0656442
295,일반음식점,한식,바른국수,부산광역시 동래구 명륜로129번길 20 (명륜동),부산광역시 동래구 명륜동 553 - 5,멸치국수,051-555-8248,35.20548211,129.0812822
296,일반음식점,한식,밀양삼대국밥,부산광역시 동래구 충렬대로359번길 23 (안락동),부산광역시 동래구 안락동 425 - 27,돼지국밥,051-529-9825,35.19904535,129.0983825
297,일반음식점,회집,미조리식당,부산광역시 동래구 충렬대로256번길 6 (수안동),부산광역시 동래구 수안동 268 - 10,생선회,051-556-1771,35.200835,129.086865
298,일반음식점,한식,명품뽈찜,부산광역시 동래구 문화로 9-8 (명륜동),부산광역시 동래구 명륜동 174 - 35,뽈찜,051-556-6006,35.21064292,129.0837559
299,일반음식점,한식,명진생아구찜,부산광역시 동래구 사직북로13번길 13-3 (사직동),부산광역시 동래구 사직동 91 - 3,아구찜,051-504-4445,35.19662098,129.0599602
300,일반음식점,한식,명가,부산광역시 동래구 충렬대로218번길 26 (수안동),부산광역시 동래구 수안동 2 - 5,갈비,051-553-5989,35.20088889,129.0828684
301,일반음식점,탕류(보신용),맛나감자탕사직점,부산광역시 동래구 사직북로13번길 26 (사직동),부산광역시 동래구 사직동 78 - 17,감자탕,051-503-3630,35.1968981,129.0591951
302,일반음식점,한식,만점식당,부산광역시 동래구 명륜로98번길 18 (수안동),부산광역시 동래구 수안동 560 - 3,돼지갈비,051-558-2240,35.20241659,129.0843933
303,일반음식점,분식,마루한,부산광역시 동래구 중앙대로1367번길 48-5 (온천동),부산광역시 동래구 온천동 751 - 12,만두국,051-553-3070,35.2102669,129.075393
304,일반음식점,한식,두꺼비바다장어구이,"부산광역시 동래구 여고북로 113, 1,2층 (온천동)",부산광역시 동래구 온천동 1466 - 37,장어구이,051-506-0052,35.20121778,129.0712432
305,일반음식점,한식,동래순두부,부산광역시 동래구 명륜로103번길 3 (명륜동),부산광역시 동래구 명륜동 433 - 4,순두부정식,051-555-0820,35.20284397,129.0829713
306,일반음식점,탕류(보신용),동래삼계탕,부산광역시 동래구 동래로116번길 39 (복천동),부산광역시 동래구 복천동 319 - 1,삼계탕,051-555-2464,35.20526177,129.0847496
307,일반음식점,한식,동래별장,부산광역시 동래구 금강로123번길 12 (온천동),부산광역시 동래구 온천동 126 - 1,한정식,051-552-0157,35.22084165,129.0792673
308,일반음식점,뷔페식,더파티허브(THE PARTY HUB),부산광역시 동래구 중앙대로 1523 (온천동),부산광역시 동래구 온천동 153 - 8,뷔페,051-557-7711,35.22125348,129.0856217
309,일반음식점,한식,대하찹쌀아구찜,부산광역시 동래구 사직북로28번길 145 (온천동),부산광역시 동래구 온천동 1256 - 17,아구찜,051-505-8862,35.20319909,129.0653171
310,일반음식점,한식,대궐집,부산광역시 동래구 동래로136번길 26 (복천동),부산광역시 동래구 복천동 319 - 3,소갈비,051-552-0127,35.2050824,129.0846484
311,일반음식점,한식,논두렁추어탕,부산광역시 동래구 명륜로139번길 42-5 (명륜동),부산광역시 동래구 명륜동 551 - 13,추어탕,051-553-5769,35.20648814,129.0796591
312,일반음식점,복어취급,금수복국(동래점),부산광역시 동래구 충렬대로 210 (수안동),부산광역시 동래구 수안동 1 - 5,복국,051-553-7700,35.20210338,129.0821268
313,일반음식점,복어취급,금수복국,부산광역시 동래구 온천장로107번길 18 (온천동),부산광역시 동래구 온천동 137 - 12,복국,051-555-9912,35.22054374,129.0833495
314,일반음식점,중국식,희래등,부산광역시 동래구 중앙대로1367번길 70-6 (온천동),부산광역시 동래구 온천동 779 - 17,"유산슬,탕수육,짬뽕",051-555-8817,35.21058095,129.0745404
315,일반음식점,중국식,금문,부산광역시 동래구 온천장로119번길 57 (온천동),부산광역시 동래구 온천동 144 - 30,중식,051-555-4987,35.22187376,129.0817854
316,일반음식점,한식,구기영 조방낙지,부산광역시 동래구 명장로20번길 60 (명장동),부산광역시 동래구 명장동 63 - 4,"낙지전골,낙지볶음",051-528-7055,35.20343592,129.1012641
317,일반음식점,회집,산호초횟집,부산광역시 사하구 하신번영로261번길 18 (하단동),부산광역시 사하구 하단동 1165-7,생선회,051-293-6762,35.104622,128.957492
318,일반음식점,한식,고흥녹동세발낙지,부산광역시 사하구 원양로 376 (감천동),부산광역시 사하구 감천동 135-1,낙지전골,051-202-1985,35.084303,129.006546
319,일반음식점,한식,한바다식당,부산광역시 사하구 하신번영로261번길 16 (하단동),부산광역시 사하구 하단동 1165-6,생선회,051-206-6994,35.104505,128.957479
320,일반음식점,회집,가락횟집,부산광역시 사하구 하신번영로261번길 14 (하단동),부산광역시 사하구 하단동 1165-9,생선회,051-293-4959,35.104504,128.957644
321,일반음식점,회집,부산횟집,부산광역시 사하구 사하로 184-6 (괴정동),부산광역시 사하구 괴정동 958-23,생선회,051-202-7890,35.098357,128.99449
322,일반음식점,한식,주왕산삼계탕,부산광역시 사하구 장림로 188 (장림동),부산광역시 사하구 장림동 673-7,삼계탕,051-263-6211,35.082298,128.96949
323,일반음식점,회집,해강횟집,부산광역시 사하구 사리로 21 (괴정동),부산광역시 사하구 괴정동 296-4,생선회,051-208-0012,35.101906,128.999074
324,일반음식점,복어취급,해돈,부산광역시 사하구 신산로 169 (신평동),부산광역시 사하구 신평동 544-2,복국,051-201-2089,35.089904,128.974153
325,일반음식점,냉면집,해주냉면,부산광역시 사하구 낙동대로324번길 5 (괴정동),부산광역시 사하구 괴정동 1104-9,냉면,051-291-4841,35.100642,128.981718
326,일반음식점,경양식,아웃백스테이크하우스하단점,"부산광역시 사하구 낙동남로 1403, 3층 (하단동)",부산광역시 사하구 하단동 525-7,스테이크,051-205-4161,35.106589,128.965204
327,일반음식점,탕류(보신용),푸주옥,부산광역시 사하구 사하로 133 (괴정동),부산광역시 사하구 괴정동 493-30,설렁탕,051-207-8879,35.093659,128.99247
328,일반음식점,한식,돈미담왕소금구이,부산광역시 사하구 하신번영로 378 (하단동),부산광역시 사하구 하단동 474,삼겹살,051-204-0600,35.114528,128.961052
329,일반음식점,한식,명가정,부산광역시 사하구 감천로38번길 35 (감천동),부산광역시 사하구 감천동 687-1,소갈비살,051-205-9997,35.090068,128.998282
330,일반음식점,한식,예복,부산광역시 사하구 낙동대로474번길 1 (하단동),부산광역시 사하구 하단동 529-15,한우,051-204-1231,35.107231,128.96836
331,일반음식점,한식,장방,부산광역시 사하구 승학로10번길 2 (당리동),부산광역시 사하구 당리동 302-2,쌈밥,051-208-3342,35.106207,128.970157
332,일반음식점,기타,시골돼지국밥,부산광역시 사하구 괴정로43번길 23 (하단동),부산광역시 사하구 하단동 155-4,돼지국밥,051-203-5551,35.103896,128.969428
333,일반음식점,한식,살아있네아구다대본점,부산광역시 사하구 다송로72번길 43 (다대동),부산광역시 사하구 다대동 1582-24,아구찜,051-265-4555,35.060213,128.981825
334,일반음식점,한식,바르미샤브샤브n칼국수(신평점),부산광역시 사하구 하신중앙로 210 (신평동),부산광역시 사하구 신평동 452-11,샤브샤브,051-201-3335,35.09712,128.962306
335,일반음식점,한식,남해횟집,부산광역시 사하구 하신번영로157번길 34 (신평동),부산광역시 사하구 신평동 624-12,생선회,051-292-3345,35.096775,128.958145
336,일반음식점,분식,하단 돼지 갈비,부산광역시 사하구 낙동남로 1420 (하단동),부산광역시 사하구 하단동 589-14,돼지갈비,051-205-3314,35.1059,128.966896
337,일반음식점,한식,이비가짬뽕다대포점,부산광역시 사하구 다대로 716 (다대동),부산광역시 사하구 다대동 1548-43,짬뽕,051-266-1023,35.049184,128.963299
338,일반음식점,한식,동원장수촌 하단점,"부산광역시 사하구 동매로 117, B201호 (하단동, 건우리안)",부산광역시 사하구 하단동 1218,오리백숙,051-202-4100,35.101945,128.971028
339,일반음식점,한식,대티물꽁,부산광역시 사하구 낙동대로135번안길 15 (괴정동),부산광역시 사하구 괴정동 303-12,아구찜,051-203-4425,35.102445,129.00043
340,일반음식점,한식,괴정 할매칼국수,부산광역시 사하구 낙동대로233번길 22 (괴정동),부산광역시 사하구 괴정동 886-2,칼국수,051-208-9668,35.098362,128.99166
341,일반음식점,복어취급,도담식당,부산광역시 사하구 낙동대로233번길 16 (괴정동),부산광역시 사하구 괴정동 887,복어요리,051-205-8892,35.098587,128.99163
342,일반음식점,한식,국밥파는남자보쌈파는여자,부산광역시 사하구 하신번영로 320 (하단동),부산광역시 사하구 하단동 885-1,순두부,051-293-7373,35.109423,128.95916
343,일반음식점,한식,구미돈 기사식당,부산광역시 사하구 하신중앙로 40 (장림동),부산광역시 사하구 장림동 1119-0,해장국,051-261-9100,35.082311,128.965586
344,일반음식점,한식,추담골,부산광역시 사하구 낙동대로233번길 34 (괴정동),부산광역시 사하구 괴정동 878-1,추어탕,051-291-2422,35.097901,128.99183
345,일반음식점,한식,백년갈비,부산광역시 사하구 낙동대로 260 (괴정동),부산광역시 사하구 괴정동 747-1,보쌈,051-201-3003,35.099522,128.988614
346,일반음식점,한식,옥천식당,부산광역시 사하구 윤공단로 64 (다대동),부산광역시 사하구 다대동 947-6,돼지숯불구이,051-261-2669,35.057955,128.967842
347,일반음식점,한식,민물장어먹는날,부산광역시 사하구 다대로 353 (장림동),부산광역시 사하구 장림동 499,장어구이,051-262-0444,35.070796,128.97738
348,일반음식점,한식,남원가추어탕,부산광역시 사하구 낙동남로1406번길 7 (하단동),부산광역시 사하구 하단동 590-14,추어탕,051-208-0087,35.105433,128.965552
349,일반음식점,한식,병천순대돼지국밥,부산광역시 사하구 낙동대로 508 (하단동),부산광역시 사하구 하단동 506-18,돼지국밥,051-207-3375,35.109734,128.96647
350,일반음식점,한식,산해한정식,부산광역시 사하구 윤공단로 17 (다대동),부산광역시 사하구 다대동 958-16,한정식,051-266-4400,35.054605,128.968482
351,일반음식점,일식,어심식당,부산광역시 사하구 낙동대로450번길 12 (당리동),부산광역시 사하구 당리동 305-2,생선회,051-202-2244,35.105774,128.970229
352,일반음식점,한식,별난낙지,부산광역시 사하구 낙동남로1405번길 2 (하단동),부산광역시 사하구 하단동 526-2,낙지볶음,051-292-1446,35.106658,128.965611
353,일반음식점,한식,오거리밀면,부산광역시 사하구 괴정로 10 (하단동),부산광역시 사하구 하단동 608-17,밀면,051-207-6369,35.103802,128.965379
354,일반음식점,한식,선미아구찜,부산광역시 사하구 괴정로 25-1 (하단동),부산광역시 사하구 하단동 431,아구찜,051-271-4567,35.103578,128.967494
355,일반음식점,뷔페식,(주)프리미스웨딩뷔페,부산광역시 사하구 다대로 225 (장림동),부산광역시 사하구 장림동 185,뷔페,051-263-6005,35.082435,128.978253
356,일반음식점,한식,다대포원조해물칼국수,"부산광역시 사하구 다대로 665, 2층 (다대동)",부산광역시 사하구 다대동 461-5 2층,해물칼국수,051-263-9292,35.047305,128.968396
357,일반음식점,한식,백두봉삼계탕,부산광역시 사하구 다대로 714-1 (다대동),부산광역시 사하구 다대동 1548-29,삼계탕,051-266-1023,35.04937,128.963685
358,일반음식점,한식,초원명가,부산광역시 사하구 괴정로 86(당리동),"부산광역시 사하구 당리동 327-2 1,2층",돼지갈비,051-205-1588,35.101691,128.973548
359,일반음식점,한식,봉수대 숯불갈비,부산광역시 사하구 다대동로 72-2 (다대동),부산광역시 사하구 다대동 341-1,바베큐,051-208-0637,35.057758,128.975525
360,일반음식점,일식,신송집,부산광역시 사하구 낙동대로 384 (당리동),부산광역시 사하구 당리동 321-5,생선회,051-206-4228,35.102929,128.976436
361,일반음식점,한식,행복한빅마마삼겹살,부산광역시 사하구 낙동대로 569 (하단동),부산광역시 사하구 하단동 476-3,돼지고기,051-293-3335,35.114165,128.962419
362,일반음식점,중국식,홍콩반점 부산장림점,"부산광역시 사하구 장림번영로103번길 5, 101호 (장림동)",부산광역시 사하구 장림동 316-2,짜장면,051-266-0410,35.080873,128.976338
363,일반음식점,일식,하나돈까스 사하점,부산광역시 사하구 낙동대로 420 (당리동),부산광역시 사하구 당리동 316-22,돈까스,051-271-8244,35.104168,128.97259
364,일반음식점,한식,자연산 조개&삼겹구이,부산광역시 사하구 다대로 706-1 (다대동),부산광역시 사하구 다대동 1548-32,조개구이,051-262-2278,35.049139,128.964395
365,일반음식점,식육(숯불구이),화화 돼지 왕갈비,"부산광역시 사하구 장림번영로 71 (장림동, 9호동)",부산광역시 사하구 장림동 316-20,삼겹살,055-263-4992,35.080872,128.97307
366,일반음식점,한식,대독장,부산광역시 사하구 하신중앙로335번길 28 (하단동),부산광역시 사하구 하단동 592-12,김치찌개,051-294-0010,35.105633,128.965302
367,일반음식점,한식,백년지기,부산광역시 사하구 마하로 2 (괴정동),부산광역시 사하구 괴정동 1120-19,한우숯불구이,051-206-0100,35.100856,128.980942
368,일반음식점,식육(숯불구이),순금맷돌순두부,부산광역시 사하구 낙동남로1423번길 8 (하단동),부산광역시 사하구 하단동 528-7,순두부정식,051-205-4045,35.106933,128.967292
369,일반음식점,한식,한패 부산본점,부산광역시 사하구 낙동대로 123 (괴정동),부산광역시 사하구 괴정동 358-1,돼지갈비,051-202-4554,35.103203,129.002523
370,일반음식점,한식,밀양가산돼지국밥,"부산광역시 사하구 사리로 20 (괴정동,,10)","부산광역시 사하구 괴정동 305-7 ,10",돼지국밥,051-207-4481,35.101588,128.999454
371,일반음식점,한식,촌마을식당,"부산광역시 사하구 다송로72번길 82, 105동 1호 (다대동,에스앤씨)",부산광역시 사하구 다대동 1573 에스앤씨 105동 1호,쌈밥,051-266-0394,35.060292,128.97982
372,일반음식점,한식,샤갈,"부산광역시 사하구 낙동대로 123, 1층 (괴정동)",부산광역시 사하구 괴정동 358-1,샤브샤브,051-202-3938,35.103203,129.002523
373,일반음식점,한식,북경옛날손짜장,부산광역시 사하구 다송로72번길 82 (다대동),부산광역시 사하구 다대동 1573,자장면,051-265-8500,35.060292,128.97982
374,일반음식점,한식,그린샤브&쭈꾸미,부산광역시 사하구 하신중앙로 23 (장림동),부산광역시 사하구 장림동 1109-3,샤브샤브,051-263-9909,35.081166,128.964487
375,일반음식점,한식,괴정 생아구전문,부산광역시 사하구 낙동대로233번길 29 (괴정동),부산광역시 사하구 괴정동 883-12,아구찜,051-201-3595,35.098097,128.992074
376,일반음식점,한식,벌집삼겹살,부산광역시 남구 진남로 17 (대연동),부산광역시 남구 대연동 291-1,삼겹살,051-611-3346,33.52278794,126.5620224
377,일반음식점,양식,다이닝센 부산본점,"부산광역시 남구 용호로 88, 3,4층 (용호동)",부산광역시 남구 용호동 135-9,파스타,051-621-8833,35.12441861,129.1122884
378,일반음식점,한식,이가한우힌돈,"부산광역시 남구 분포로 66-17, 2,3층 (용호동)",부산광역시 남구 용호동 5-20,소 숯불구이,051-622-9100,35.13081931,129.1180701
379,일반음식점,한식,옛날전통추어탕,부산광역시 남구 천제등로37번길 11 (대연동),부산광역시 남구 대연동 894-24,추어탕,051-627-3357,35.13311625,129.0895841
380,일반음식점,한식,쌍둥이돼지국밥 2호점,부산광역시 남구 유엔평화로 35-1 (대연동),부산광역시 남구 대연동 889-5,돼지국밥,051-628-7021,35.13176664,129.0923091
381,일반음식점,한식,더맛,"부산광역시 남구 조각공원로 45, 2층 (대연동)",부산광역시 남구 대연동 561-8,꼬리곰탕,051-621-0022,35.13109326,129.1009682
382,일반음식점,한식,오륙도가원,부산광역시 남구 백운포로 14 (용호동),부산광역시 남구 용호동 894-54,소 숯불구이,051-635-0707,35.10690264,129.1115126
383,일반음식점,한식,수라국밥,"부산광역시 남구 용소로8번길 21 (대연동,행운빌딩)",부산광역시 남구 대연동 68-17,돼지국밥,051-627-5557,35.13607448,129.0993674
384,일반음식점,한식,한우랑,부산광역시 남구 유엔로 171 (대연동),부산광역시 남구 대연동 867-37,소갈비,051-621-0334,35.13033724,129.0948794
385,일반음식점,한식,유정 샤브샤브,부산광역시 남구 유엔로 173 (대연동),부산광역시 남구 대연동867-26,샤브샤브,051-625-0009,35.13033387,129.0952525
386,일반음식점,한식,골목집,부산광역시 남구 용호로 203-4 (용호동),부산광역시 남구 용호동 532-47,돼지갈비,051-623-4592,35.11398043,129.1113126
387,일반음식점,한식,백년민물장어,부산광역시 남구 동명로 132번길 25 (용호동),부산광역시 남구 용호동 395-49,민물장어,051-623-2929,35.11863416,129.1110358
388,일반음식점,한식,청호집,부산광역시 남구 신선로 431 (용당동),부산광역시 남구 용당동 554-2,선지국,051-627-6513,35.12376336,129.0991579
389,일반음식점,한식,초원복국,부산광역시 남구 황령대로 492번길 30 (대연동),부산광역시 남구 대연동 18-8,복국,051-628-3935,35.13777271,129.1058974
390,일반음식점,한식,미정아구찜,부산광역시 남구 유엔로 177 (대연동),"부산광역시 남구 대연동 867-15,16",아구찜,051-624-5684,35.13043914,129.0955721
391,일반음식점,한식,사계절숯불구이,부산광역시 남구 고동골로 66(문현동),"부산광역시 남구 문현동 127-59~61,67","소,돼지 숯불구이",051-638-3680,35.14288708,129.0714431
392,일반음식점,한식,친구곱창,부산광역시 남구 지게골로 22 (문현동),부산광역시 남구 문현동 866-12,곱창,051-637-9495,35.13558917,129.0690211
393,일반음식점,한식,가연장 대연점,부산광역시 남구 유엔평화로 47(대연동),부산광역시 남구 대연동 881-6,미역국,051-627-5377,35.13062993,129.0924146
394,일반음식점,회집,원조메기탕,부산광역시 연제구 거제시장로 15 (거제동),부산광역시 연제구 거제동 574번지 52호,메기탕,051-852-8085,35.180867,129.071777
395,일반음식점,탕류(보신용),우미장꼬리곰탕,부산광역시 연제구 법원로32번길 18 (거제동),부산광역시 연제구 거제동 1489번지 1호,곰탕,051-501-2208,35.19105,129.074898
396,일반음식점,한식,요풍각,부산광역시 연제구 시청로32번길 29 (연산동),부산광역시 연제구 연산동 1505번지 2호,정식,051-504-3658,35.182871,129.074545
397,일반음식점,한식,보배밥상,부산광역시 연제구 월드컵대로 179 (거제동),부산광역시 연제구 거제동 34번지 33호,"오리바베큐,삼겹",051-864-9797,35.187505,129.07679
398,일반음식점,식육(숯불구이),참숯고을,부산광역시 연제구 신촌로23번길 24 (연산동),부산광역시 연제구 연산동 1502번지 16호,소갈비,051-851-6925,35.182082,129.075189
399,일반음식점,기타,영덕대게시청점,부산광역시 연제구 거제천로 101-1 (거제동),부산광역시 연제구 거제동 457번지 30호,대게,051-863-3572,35.183251,129.073847
400,일반음식점,한식,양말례 남원추어탕,"부산광역시 연제구 중앙대로1043번길 50 (연산동,목림레포츠 B/D 1층)",부산광역시 연제구 연산동 1369번지 9호 목림레포츠 B/D 1층,추어탕,051-868-9279,35.181697,129.075244
401,일반음식점,일식,아키야마초밥,부산광역시 연제구 월드컵대로145번길 6 (연산동),부산광역시 연제구 연산동 1241번지 3호,모듬회,051-868-6133,35.186221,129.08009
402,일반음식점,한식,서울깍두기,"부산광역시 연제구 안연로 18, 1,2층 (연산동)",부산광역시 연제구 연산동 392번지 8호,설렁탕,051-752-7818,35.18917,129.100702
403,일반음식점,한식,부산깍두기,부산광역시 연제구 안연로28번길 3 (연산동),부산광역시 연제구 연산동 386번지 23호,설렁탕,051-754-9280,35.190037,129.100497
404,일반음식점,분식,봉평면옥,부산광역시 연제구 거제천로 53-1 (거제동),부산광역시 연제구 거제동 495번지 24호,막국수,051-865-3141,35.179309,129.071592
405,일반음식점,한식,본가아구찜,부산광역시 연제구 고분로 47 (연산동),부산광역시 연제구 연산동 330번지 3호,아구찜,051-862-0198,35.185821,129.087584
406,일반음식점,회집,명품물회연산점,부산광역시 연제구 반송로 32 (연산동),부산광역시 연제구 연산동 590번지 39호,물회,051-863-5000,35.187823,129.08447
407,일반음식점,식육(숯불구이),행복한빅마마,부산광역시 연제구 월드컵대로 151 (연산동),부산광역시 연제구 연산동 1241번지 9호,돼지갈비,051-852-0218,35.18652,129.079695
408,일반음식점,한식,해운대 신 대구탕,"부산광역시 연제구 월드컵대로 146 (연산동,1층)",부산광역시 연제구 연산동 1127번지 5호 1층,대구탕,051-867-7611,35.186845,129.08046
409,일반음식점,뷔페식,해암뷔페,"부산광역시 연제구 중앙대로 1099 (연산동,,13)","부산광역시 연제구 연산동 1242번지 8호 ,13",뷔페,051-867-7600,35.185907,129.080791
410,일반음식점,한식,할매보쌈,부산광역시 연제구 월드컵대로145번길 11 (연산동),부산광역시 연제구 연산동 1242번지 6호,보쌈,051-853-8005,35.185939,129.080347
411,일반음식점,중국식,팔선각,부산광역시 연제구 법원로32번길 10 (거제동),부산광역시 연제구 거제동 1490번지 2호,중식,051-507-9555,35.191356,129.07454
412,일반음식점,일식,팔미초밥,"부산광역시 연제구 월드컵대로119번길 8, 팔미빌딩 2층 (연산동)",부산광역시 연제구 연산동 701번지 8호 팔미빌딩,회초밥,051-865-0160,35.184919,129.08188
413,일반음식점,한식,토곡식육식당,부산광역시 연제구 토곡로 7 (연산동),부산광역시 연제구 연산동 490번지 30호,소고기 모듬구이,051-751-9280,35.18169,129.101773
414,일반음식점,한식,청산민물장어,부산광역시 연제구 월드컵대로145번길 42 (연산동),부산광역시 연제구 연산동 1288번지 22호,장어구이,051-853-8892,35.184804,129.079586
415,일반음식점,한식,대륙미가원,"부산광역시 연제구 월드컵대로120번길 12 (연산동,1층)",부산광역시 연제구 연산동 746번지 3호 1층,아구찜,051-866-8008,35.18521,129.08294
416,일반음식점,한식,청담,부산광역시 연제구 연안로 1 (연산동),부산광역시 연제구 연산동 419번지 5호,정식,051-761-0002,35.18821,129.106857
417,일반음식점,뷔페식,주식회사 더파티 더파티 시청점,"부산광역시 연제구 중앙대로 1000 (연산동,국민연금빌딩 2층)",부산광역시 연제구 연산동 1422번지 8호 국민연금빌딩 2층,뷔페,051-668-7373,35.177812,129.075569
418,일반음식점,뷔페식,(주)더파티 더파티 시청점,부산광역시 연제구 중앙대로 1000 (연산동),부산광역시 연제구 연산동 1422번지 8호,뷔페,051-668-7676,35.177812,129.075569
419,일반음식점,한식,만수식당,부산광역시 연제구 교대로54번길 9-4 (거제동),부산광역시 연제구 거제동 347번지 0호,"아구찜,수육",051-502-4354,35.19356,129.074476
420,일반음식점,식육(숯불구이),동원숯불갈비,부산광역시 연제구 과정로276번길 9 (연산동),부산광역시 연제구 연산동 366번지 47호,돼지갈비,051-864-2379,35.188567,129.097184
421,일반음식점,식육(숯불구이),돌집,"부산광역시 연제구 법원남로10번길 23-1 (거제동,301호)",부산광역시 연제구 거제동 1488번지 2호 301호,정식,051-507-9233,35.191412,129.075462
422,일반음식점,한식,대명가꼬리곰탕,부산광역시 연제구 월드컵대로145번길 37 (연산동),부산광역시 연제구 연산동 1287번지 8호,꼬리곰탕,051-853-5564,35.184776,129.079874
423,일반음식점,한식,놀부부대찌개,"부산광역시 연제구 법원남로15번길 10 (거제동,101호)",부산광역시 연제구 거제동 1492번지 2호 101호,부대찌개,051-501-1388,35.190583,129.073832
424,일반음식점,한식,남다른 감자탕 연산토곡점,부산광역시 연제구 안연로 1 (연산동),부산광역시 연제구 연산동 383번지 23호,감자탕,051-862-5020,35.187869,129.100957
425,일반음식점,분식,국제밀면 법조타운점,부산광역시 연제구 법원남로9번길 22-1 (거제동),부산광역시 연제구 거제동 1495번지 5호,밀면,051-502-5517,35.189865,129.073785
426,일반음식점,분식,국제밀면,부산광역시 연제구 중앙대로1235번길 23-6 (거제동),부산광역시 연제구 거제동 242번지 23호,밀면,051-501-5507,35.196893,129.077884
427,일반음식점,한식,경주박가국밥,부산광역시 연제구 고분로 232 (연산동),부산광역시 연제구 연산동 480번지 2호,돼지국밥,051-759-8202,35.184365,129.107464
428,일반음식점,분식,가야할매밀면,"부산광역시 연제구 월드컵대로145번길 32 (연산동,1층)",부산광역시 연제구 연산동 1279번지 1호 1층,밀면,051-865-8017,35.185192,129.07989
429,일반음식점,식육(숯불구이),가야골갈비,부산광역시 연제구 법원북로 63-2 (거제동),부산광역시 연제구 거제동 380번지 7호,돼지갈비,051-503-1567,35.193862,129.073894
430,일반음식점,중국식,일품향,부산광역시 연제구 법원북로3번길 7 (거제동),부산광역시 연제구 거제동 1476번지 9호,중식,051-507-7762,35.193543,129.067414
431,일반음식점,복어취급,윤태금 복국,"부산광역시 연제구 월드컵대로145번길 29 (연산동,(덕산프라자 2층))",부산광역시 연제구 연산동 1287번지 13호 (덕산프라자 2층),복국,051-866-5295,35.185076,129.080162
432,일반음식점,탕류(보신용),유정뼈다구해장국,부산광역시 연제구 고분로 184 (연산동),부산광역시 연제구 연산동 410번지 37호,해장국,051-753-2428,35.185393,129.102417
433,일반음식점,회집,만포장 회 전문점,부산광역시 연제구 법원북로3번길 15 (거제동),부산광역시 연제구 거제동 1476번지 7호,생선회,051-503-6865,35.1939,129.067323
434,일반음식점,한식,맛골,부산광역시 금정구 서동중심로 62 (서동),부산광역시 금정구 서동 199 - 5,샤브샤브,051-525-5004,35.214433,129.103352
435,일반음식점,한식,솔밭집,부산광역시 금정구 서부로76번길 13 (서동),부산광역시 금정구 서동 150 - 78,오리고기,051-522-1322,35.220055,129.099627
436,일반음식점,한식,초심한우정,부산광역시 금정구 범어천로 11 (남산동),부산광역시 금정구 남산동 103 - 18,생갈비,051-517-7892,35.267804,129.091337
437,일반음식점,한식,느루,부산광역시 금정구 금샘로 478 (남산동),부산광역시 금정구 남산동 990 - 1,한정식,051-512-6460,35.2658,129.085672
438,일반음식점,한식,김가네국수,부산광역시 금정구 금강로 686 (남산동),부산광역시 금정구 남산동 96 - 14,국수,051-513-8228,35.268579,129.089347
439,일반음식점,한식,남산찹쌀아구찜,부산광역시 금정구 금강로 694 (남산동),부산광역시 금정구 남산동 96 - 1,아구찜,051-516-1506,35.269399,129.089413
440,일반음식점,한식,채선당남산점,부산광역시 금정구 청룡로 59 (남산동),부산광역시 금정구 남산동 954 - 1,갈비,051-583-1411,35.27517,129.086061
441,일반음식점,한식,부산압구정한우갈비,부산광역시 금정구 청룡로 61 (남산동),부산광역시 금정구 남산동 953 - 11,생갈비,051-512-0025,35.275048,129.085641
442,일반음식점,중국식,송해반점,"부산광역시 금정구 중앙대로 2089-5, 1,2층 101-1,101-2호 (남산동)",부산광역시 금정구 남산동 48 - 2,중화요리,051-517-4543,35.270744,129.092168
443,일반음식점,한식,오륙도낙지,부산광역시 금정구 수림로20번길 49 (부곡동),부산광역시 금정구 부곡동 65 - 6,낙지볶음,051-515-0016,35.241801,129.090197
444,일반음식점,한식,누리마을감자탕,부산광역시 금정구 중앙대로1719번길 61 (부곡동),부산광역시 금정구 부곡동 225 - 2,소갈비,051-514-9222,35.23764,129.088768
445,일반음식점,한식,일송면옥,부산광역시 금정구 부곡로141번길 6 (부곡동),부산광역시 금정구 부곡동 273 - 25,"밀면,갈비",051-514-3381,35.228689,129.091801
446,일반음식점,한식,거창맷돌(부곡점),부산광역시 금정구 부곡로 158 (부곡동),부산광역시 금정구 부곡동 265 - 9,순두부,051-513-3537,35.229998,129.092566
447,일반음식점,한식,주식회사 이랴이랴 푸드웰,부산광역시 금정구 중앙대로 1975 (남산동),부산광역시 금정구 남산동 129 - 8,갈비,051-517-1003,35.260722,129.091055
448,일반음식점,한식,대성갈비,부산광역시 금정구 금강로 630 (남산동),부산광역시 금정구 남산동 179 - 1,돼지갈비,051-514-8630,35.263638,129.088489
449,일반음식점,한식,산성집,부산광역시 금정구 산성로 524 (금성동),부산광역시 금정구 금성동 864,염소불고기,051-517-7900,35.244181,129.05552
450,일반음식점,한식,현대가든,부산광역시 금정구 산성로 510 (금성동),부산광역시 금정구 금성동 713 - 2,염소불고기,051-517-6767,35.245434,129.055492
451,일반음식점,한식,청사초롱,부산광역시 금정구 산성로 447 (금성동),부산광역시 금정구 금성동 554 - 15,염소불고기,051-517-8849,35.250747,129.05611
452,일반음식점,한식,무심정,부산광역시 금정구 북문로 23 (금성동),부산광역시 금정구 금성동 528 - 4,오리고기,051-517-3352,35.251947,129.055939
453,일반음식점,한식,백향목,부산광역시 금정구 땅곡길 37 (금성동),부산광역시 금정구 금성동 295,엽소불고기,051-517-9252,35.252317,129.052867
454,일반음식점,한식,금성,부산광역시 금정구 산성로 443 (금성동),부산광역시 금정구 금성동 225,염소불고기,051-517-4847,35.251302,129.055568
455,일반음식점,한식,경희궁,부산광역시 금정구 금샘로 441 (구서동),부산광역시 금정구 구서동 1005 - 8,샤브샤브,051-517-9292,35.262406,129.084121
456,일반음식점,한식,돈모리,부산광역시 금정구 금강로 593 (구서동),부산광역시 금정구 구서동 637 - 2,갈비,051-583-9289,35.260457,129.087458
457,일반음식점,한식,함안매운탕,부산광역시 금정구 두실로 17 (구서동),부산광역시 금정구 구서동 159 - 45,장어구이,051-514-8216,35.260485,129.089348
458,일반음식점,한식,우정갈비,부산광역시 금정구 금샘로 353 (구서동),부산광역시 금정구 구서동 1032 - 8,생갈비,051-513-2100,35.25475,129.084514
459,일반음식점,분식,다루,부산광역시 금정구 금샘로 375 (구서동),부산광역시 금정구 구서동 1026 - 9,수제비,051-513-3395,35.256619,129.084231
460,일반음식점,한식,배비장보쌈,"부산광역시 금정구 금정로 239, 1,2,3층 (구서동)",부산광역시 금정구 구서동 84 - 15,보쌈,051-515-2106,35.24517,129.091418
461,일반음식점,한식,푸주옥 설렁탕 도가니탕,부산광역시 금정구 금정로 248 (구서동),부산광역시 금정구 구서동 420 - 56,설렁탕,051-518-9520,35.245421,129.092531
462,일반음식점,한식,명수정,"부산광역시 금정구 구서로 23, 4층 (구서동)",부산광역시 금정구 구서동 413 - 3,생갈비,051-517-4114,35.246593,129.088525
463,일반음식점,한식,삼성웰스토리(주)동래베네스트,부산광역시 금정구 하정로 66,부산광역시 금정구 남산동 265 - 34,정식,051-580-0379,35.244517,129.055261
464,일반음식점,한식,창녕집,부산광역시 금정구 산성로 520 (금성동),부산광역시 금정구 금성동 876,오리고기,051-517-5288,35.244416,129.055479
465,일반음식점,한식,물레방아집,부산광역시 금정구 산성로 522 (금성동),부산광역시 금정구 금성동 882,오리고기,051-517-5555,35.279012,129.077813
466,일반음식점,한식,하마정원,부산광역시 금정구 범어사로 344 (청룡동),부산광역시 금정구 청룡동 208 - 1,생갈비,051-508-9233,35.277243,129.072986
467,일반음식점,한식,박기모 조방낙지,부산광역시 금정구 부곡로141번길 1 (부곡동),부산광역시 금정구 부곡동 296 - 1,낙지볶음,051-582-2462,35.228373,129.091874
468,일반음식점,한식,황금오리,부산광역시 금정구 금강로446번길 41 (구서동),부산광역시 금정구 구서동 252 - 18,오리고기,051-512-5294,35.248653,129.089937
469,일반음식점,한식,만도리,부산광역시 금정구 청룡로 52 (청룡동),부산광역시 금정구 청룡동 634 - 7,조개요리,051-517-8009,35.275632,129.086836
470,일반음식점,한식,성용장,부산광역시 금정구 놀이마당로 25 (청룡동),부산광역시 금정구 청룡동 631 - 6,오리고기,051-508-5353,35.276591,129.08542
471,일반음식점,한식,손씨집,부산광역시 금정구 상마1길 46 (청룡동),부산광역시 금정구 청룡동 517 - 4,오리고기,051-508-4477,35.276143,129.072048
472,일반음식점,한식,원조조방낙지,부산광역시 금정구 청룡로 33 (청룡동),부산광역시 금정구 청룡동 50 - 31,낙지볶음,051-508-0666,35.275399,129.088768
473,일반음식점,한식,봉추식당,부산광역시 금정구 상마1길 17 (청룡동),부산광역시 금정구 청룡동 477 - 2,오리고기,051-508-3938,35.277991,129.073996
474,일반음식점,한식,풍년오리박사,부산광역시 금정구 청룡로 40 (청룡동),부산광역시 금정구 청룡동 45 - 3,오리고기,051-508-4642,35.275872,129.088257
475,일반음식점,한식,미방,부산광역시 금정구 하마1길 57 (청룡동),부산광역시 금정구 청룡동 435 - 1,오리고기,051-508-3222,35.281468,129.074328
476,일반음식점,경양식,풀내음,부산광역시 금정구 범어사로 360 (청룡동),부산광역시 금정구 청룡동 202 - 4,한정식,051-508-3020,35.278908,129.07935
477,일반음식점,한식,낙원식당,부산광역시 금정구 식물원로44번길 12 (장전동),부산광역시 금정구 장전동 621 - 18,쌈밥,051-515-5789,35.225581,129.083642
478,일반음식점,한식,늘아침,부산광역시 금정구 부산대학로64번길 155 (장전동),부산광역시 금정구 장전동 157 - 18,오리고기,051-518-9200,35.238332,129.086009
479,일반음식점,한식,서울깍두기,부산광역시 금정구 장전온천천로 75 (장전동),부산광역시 금정구 장전동 412 - 11,설렁탕,051-582-9005,35.231701,129.088667
480,일반음식점,한식,참나무숯불구이,부산광역시 금정구 금정로 25 (장전동),부산광역시 금정구 장전동 342 - 13,생갈비,051-582-5392,35.227041,129.08565
481,일반음식점,일식,대성관,부산광역시 금정구 금강로 179 (장전동),부산광역시 금정구 장전동 598 - 8,생선회,051-518-4001,35.224732,129.081796
482,일반음식점,한식,추풍령,부산광역시 금정구 부산대학로64번길 137 (장전동),부산광역시 금정구 장전동 155 - 4,돼지갈비,051-581-1153,35.237604,129.085812
483,일반음식점,한식,합천돼지국밥,부산광역시 금정구 서금로 17 (서동),부산광역시 금정구 서동 442 - 6,돼지국밥,051-527-1302,35.218126,129.10361
484,일반음식점,일식,동경식당,부산광역시 금정구 서동로175번길 32 (서동),부산광역시 금정구 서동 206 - 13,초밥,051-526-8488,35.215062,129.107479
485,일반음식점,한식,서울식당,부산광역시 금정구 서부로16번길 10 (서동),부산광역시 금정구 서동 196 - 25,갈비,051-527-9433,35.215875,129.104327
486,일반음식점,회집,청해,부산광역시 금정구 서동로 159-1 (서동),부산광역시 금정구 서동 195 - 31,생선회,051-524-1887,35.214915,129.103874
487,일반음식점,한식,와와샤브(대신점),부산광역시 서구 대영로 54 (서대신동1가),부산광역시 서구 서대신동1가 54번지,샤브샤브,051-245-3330,35.10967799,129.0173014
488,일반음식점,한식,물마,부산광역시 서구 대영로45번길 62 (서대신동3가),부산광역시 서구 서대신동3가 411번지,전복구이,051-256-6664,35.11212056,129.0151818
489,일반음식점,한식,옛날오막집,부산광역시 서구 구덕로274번길 14 (동대신동1가),부산광역시 서구 동대신동1가 232번지 2호,양곱창,051-243-6973,35.10882848,129.0197041
490,일반음식점,한식,조방낙지,"부산광역시 서구 구덕로 350 (동대신동3가, 문화아파트)",부산광역시 서구 동대신동3가 173번지 (20369-20395)문화아파트,낙지볶음,051-231-1076,35.11502544,129.0159748
491,일반음식점,식육(숯불구이),금오생고기,부산광역시 서구 충무시장길 10 (충무동1가),부산광역시 서구 충무동1가 17번지 33호,삼겹살,051-254-7639,35.0960145,129.0235036
492,일반음식점,식육(숯불구이),고주몽,부산광역시 서구 구덕로148번길 43-1 (토성동1가),부산광역시 서구 토성동1가 41번지 4호,참숯불갈비,051-246-2452,35.09824352,129.0232025
493,일반음식점,한식,미성하모샤브샤브,부산광역시 서구 충무대로 124 (암남동),부산광역시 서구 암남동 95번지 21호,생선회,051-244-6143,35.08135215,129.0252173
494,일반음식점,한식,연승장어식당,부산광역시 서구 충무시장길 12 (충무동1가),부산광역시 서구 충무동1가 17번지 6호,장어구이,051-243-5083,35.09593366,129.0234697
495,일반음식점,분식,원조18번완당,부산광역시 서구 구덕로238번길 6 (부용동1가),부산광역시 서구 부용동1가 69번지 1호,완당,051-256-3391,35.10571231,129.020455
496,일반음식점,식육(숯불구이),이조숯불갈비이조정식,부산광역시 서구 구덕로339번길 31-1 (서대신동3가),부산광역시 서구 서대신동3가 300번지 2호 301-2,숯불갈비,051-248-5104,35.11331001,129.0141544
497,일반음식점,회집,태성식당,부산광역시 서구 송도해변로 149 (암남동),부산광역시 서구 암남동 127-3번지,생선회,051-242-1886,35.07669677,129.0225054
498,일반음식점,한식,신창국밥,부산광역시 서구 보수대로 53 (토성동1가),부산광역시 서구 토성동1가 4번지 1호,돼지국밥,051-244-1112,35.10092634,129.0225341
499,일반음식점,중국식,꾸냥만두,부산광역시 서구 구덕로321번길 11 (서대신동2가),부산광역시 서구 서대신동2가 3번지 12호,"탕수육, 만두",051-247-6903,35.11221244,129.0160495
500,일반음식점,일식,동경초밥,부산광역시 서구 구덕로315번길 20-1 (서대신동2가),부산광역시 서구 서대신동2가 10번지 1호,생선초밥,051-242-5788,35.11193625,129.0156622
501,일반음식점,한식,굴마을,"부산광역시 서구 구덕로 167, 지상2층 (아미동1가)",부산광역시 서구 아미동1가 21번지 지상2층,굴국밥,051-241-5186,35.09949147,129.0195219
502,일반음식점,회집,이박사횟집,부산광역시 북구 금곡대로8번길 24 (덕천동),부산광역시 북구 덕천동 399 - 15,생선회,051-342-9944,35.2108964,129.006461
503,일반음식점,식육(숯불구이),남대포,"부산광역시 북구 만덕2로 40, 2층 (만덕동)",부산광역시 북구 만덕동 318,삼겹살,051-332-6628,35.210102,129.0375218
504,일반음식점,한식,궁채,"부산광역시 북구 만덕대로 23, 6층 (덕천동, 뉴코아)",부산광역시 북구 덕천동 398 - 2,정식,051-335-3005,35.2110851,129.0076165
505,일반음식점,회집,원조포항물횟집,부산광역시 북구 덕천1길 69 (덕천동),부산광역시 북구 덕천동 383 - 20,물회,051-338-2834,35.210576,129.0092137
506,일반음식점,한식,샤브향덕천점,부산광역시 북구 만덕대로 176 (덕천동),부산광역시 북구 덕천동 394 - 7,월남쌈,051-334-4149,35.2130663,129.0239293
507,일반음식점,한식,이바돔감자탕,부산광역시 북구 만덕대로 54 (덕천동),부산광역시 북구 덕천동 385 - 1,감자탕,051-341-5533,35.2112647,129.0109356
508,일반음식점,한식,삼소통나무집,부산광역시 북구 중리로 78 (만덕동),부산광역시 북구 만덕동 63 - 2,소갈비,051-334-4277,35.2123215,129.0456557
509,일반음식점,한식,토박이 상황삼계탕.오리불고기,"부산광역시 북구 금곡대로303번길 22, 306호 (화명동, 정능빌딩)",부산광역시 북구 화명동 2269 - 1 정능빌딩 306호,"삼계탕, 오리고기",051-365-1661,35.235741,129.0126569
510,일반음식점,식육(숯불구이),화명참숯갈비,부산광역시 북구 화명신도시로 127 (화명동),부산광역시 북구 화명동 2271 - 6,소갈비,051-334-0468,35.2353615,129.0106087
511,일반음식점,한식,조방낙지,부산광역시 북구 화명신도시로 8 (화명동),부산광역시 북구 화명동 958 - 3,보쌈,051-365-1076,35.2249509,129.0084033
512,일반음식점,복어취급,덕천복집,"부산광역시 북구 기찰로 41-2, 1,2층 (덕천동)","부산광역시 북구 덕천동 345 - 9 1,2층",복국,051-334-5454,35.2125391,129.0094357
513,일반음식점,식육(숯불구이),신라갈비,부산광역시 북구 기찰로 7 (덕천동),부산광역시 북구 덕천동 348 - 17,불고기,051-336-7700,35.2116756,129.0059764
514,일반음식점,한식,지리산옻닭,부산광역시 북구 사상로 579 (구포동),부산광역시 북구 구포동 1187 - 2,한식(옻닭),051-304-5575,35.1959578,128.9903978
515,일반음식점,한식,고려홍삼삼계탕,부산광역시 동구 범일로102번길 16-9 (범일동),부산광역시 동구 범일동 830 - 268,삼계탕,051-638-3317,35.138567,129.0614077
516,일반음식점,중국식,홍성방,부산광역시 동구 중앙대로179번길 16 (초량동),부산광역시 동구 초량동 571,자장면,051-467-5398,35.113839,129.037812
517,일반음식점,한식,참숯골,부산광역시 동구 조방로49번길 25 (범일동),부산광역시 동구 범일동 830 - 264,갈비,051-643-8000,35.1385583,129.060303
518,일반음식점,한식,정선가,부산광역시 동구 중앙대로180번길 12-3 (초량동),부산광역시 동구 초량동 1213 - 3,메밀국수,051-441-9291,35.112711,129.040123
519,일반음식점,일식,송죽,부산광역시 동구 범일로102번길 16-10 (범일동),부산광역시 동구 범일동 830 - 260,생선회,051-644-5544,35.138553,129.061027
520,일반음식점,일식,화성식당,부산광역시 동구 조방로16번길 17 (범일동),부산광역시 동구 범일동 830 - 90,생선회,051-633-8184,35.140092,129.064284
521,일반음식점,회집,영빈회갈비식당,부산광역시 동구 조방로16번길 17 (범일동),부산광역시 동구 범일동 830 - 90,"생선회, 갈비",051-631-7171,35.140092,129.064284
522,일반음식점,한식,전골시대,부산광역시 동구 범일로102번길 16-14 (범일동),부산광역시 동구 범일동 830 - 280,장어구이,051-635-7632,35.138435,129.061025
523,일반음식점,한식,동촌황정순수육전골,부산광역시 동구 조방로 39-12 (범일동),부산광역시 동구 범일동 830 - 274,수육전골,051-633-4566,35.139385,129.060709
524,일반음식점,한식,고관해물탕,부산광역시 동구 중앙대로349번길 38 (수정동),부산광역시 동구 수정동 96 - 7,해물탕,051-463-7585,35.126413,129.045191
525,일반음식점,한식,고궁삼계탕,부산광역시 동구 중앙대로180번길 12-10 (초량동),부산광역시 동구 초량동 1212 - 3,삼계탕,051-463-6360,35.112489,129.0396615
526,일반음식점,뷔페식,부페시즈,부산광역시 동구 중앙대로 176 (초량동),부산광역시 동구 초량동 1211 - 1,뷔페,051-462-6868,35.112927,129.039084
527,일반음식점,한식,오륙도낙지범일본점,부산광역시 동구 정공단로 46-1 (범일동),부산광역시 동구 범일동 181 - 1,낙지전골,051-638-1589,35.136401,129.055545
528,일반음식점,중국식,텐이몽,부산광역시 동구 자성로133번길 10 (범일동),부산광역시 동구 범일동 830 - 9,자장면,051-636-8009,35.137976,129.0650816
529,일반음식점,분식,조방왕돈까스전문점,부산광역시 동구 자성로133번길 31 (범일동),부산광역시 동구 범일동 830 - 130,돈까스,051-636-0802,35.139541,129.063399
530,일반음식점,한식,건양정홍삼삼계탕 수정점,"부산광역시 동구 고관로 102 (수정동,동환빌딩 2층)",부산광역시 동구 수정동 159 - 1 동환빌딩 2층,삼계탕,051-462-3335,35.127939,129.045967
